{
    "name": "root",
    "metadata": {
        "timer_format_version": "0.1.0",
        "start_time_seconds": "1629751185",
        "python_version": "3.7.9 (tags/v3.7.9:13c94747c7, Aug 17 2020, 18:58:18) [MSC v.1900 64 bit (AMD64)]",
        "command_line_arguments": "C:\\Users\\stryk\\Desktop\\iSTAR\\ML-Agents\\venv\\Scripts\\mlagents-learn config\\shopper.yaml --run-id=SingleShopper3",
        "mlagents_version": "0.27.0",
        "mlagents_envs_version": "0.27.0",
        "communication_protocol_version": "1.5.0",
        "pytorch_version": "1.7.0+cu110",
        "numpy_version": "1.21.1",
        "end_time_seconds": "1629751211"
    },
    "total": 25.3881612,
    "count": 1,
    "self": 0.004593800000002091,
    "children": {
        "run_training.setup": {
            "total": 0.07033219999999996,
            "count": 1,
            "self": 0.07033219999999996
        },
        "TrainerController.start_learning": {
            "total": 25.313235199999998,
            "count": 1,
            "self": 0.009658300000012332,
            "children": {
                "TrainerController._reset_env": {
                    "total": 6.2481954,
                    "count": 1,
                    "self": 6.2481954
                },
                "TrainerController.advance": {
                    "total": 18.980123899999985,
                    "count": 498,
                    "self": 0.009043499999929594,
                    "children": {
                        "env_step": {
                            "total": 5.004835100000006,
                            "count": 498,
                            "self": 4.013391999999928,
                            "children": {
                                "SubprocessEnvManager._take_step": {
                                    "total": 0.986138100000062,
                                    "count": 498,
                                    "self": 0.022129200000077454,
                                    "children": {
                                        "TorchPolicy.evaluate": {
                                            "total": 0.9640088999999845,
                                            "count": 417,
                                            "self": 0.3085761999999823,
                                            "children": {
                                                "TorchPolicy.sample_actions": {
                                                    "total": 0.6554327000000022,
                                                    "count": 417,
                                                    "self": 0.6554327000000022
                                                }
                                            }
                                        }
                                    }
                                },
                                "workers": {
                                    "total": 0.0053050000000167685,
                                    "count": 497,
                                    "self": 0.0,
                                    "children": {
                                        "worker_root": {
                                            "total": 20.064630799999968,
                                            "count": 497,
                                            "is_parallel": true,
                                            "self": 16.62029489999997,
                                            "children": {
                                                "steps_from_proto": {
                                                    "total": 0.0007337000000005034,
                                                    "count": 1,
                                                    "is_parallel": true,
                                                    "self": 0.00020920000000046457,
                                                    "children": {
                                                        "_process_rank_one_or_two_observation": {
                                                            "total": 0.0005245000000000388,
                                                            "count": 2,
                                                            "is_parallel": true,
                                                            "self": 0.0005245000000000388
                                                        }
                                                    }
                                                },
                                                "UnityEnvironment.step": {
                                                    "total": 3.443602199999999,
                                                    "count": 497,
                                                    "is_parallel": true,
                                                    "self": 0.09269510000004377,
                                                    "children": {
                                                        "UnityEnvironment._generate_step_input": {
                                                            "total": 0.09810929999997597,
                                                            "count": 497,
                                                            "is_parallel": true,
                                                            "self": 0.09810929999997597
                                                        },
                                                        "communicator.exchange": {
                                                            "total": 2.936351799999972,
                                                            "count": 497,
                                                            "is_parallel": true,
                                                            "self": 2.936351799999972
                                                        },
                                                        "steps_from_proto": {
                                                            "total": 0.3164460000000071,
                                                            "count": 497,
                                                            "is_parallel": true,
                                                            "self": 0.08552109999998958,
                                                            "children": {
                                                                "_process_rank_one_or_two_observation": {
                                                                    "total": 0.23092490000001753,
                                                                    "count": 994,
                                                                    "is_parallel": true,
                                                                    "self": 0.23092490000001753
                                                                }
                                                            }
                                                        }
                                                    }
                                                }
                                            }
                                        }
                                    }
                                }
                            }
                        },
                        "trainer_advance": {
                            "total": 13.966245300000047,
                            "count": 497,
                            "self": 0.016721500000050682,
                            "children": {
                                "process_trajectory": {
                                    "total": 0.579005299999988,
                                    "count": 497,
                                    "self": 0.579005299999988
                                },