{
    "name": "root",
    "metadata": {
        "timer_format_version": "0.1.0",
        "start_time_seconds": "1629665500",
        "python_version": "3.7.9 (tags/v3.7.9:13c94747c7, Aug 17 2020, 18:58:18) [MSC v.1900 64 bit (AMD64)]",
        "command_line_arguments": "C:\\Users\\stryk\\Desktop\\iSTAR\\ML-Agents\\venv\\Scripts\\mlagents-learn --run-id=Test2",
        "mlagents_version": "0.27.0",
        "mlagents_envs_version": "0.27.0",
        "communication_protocol_version": "1.5.0",
        "pytorch_version": "1.7.0+cu110",
        "numpy_version": "1.21.1",
        "end_time_seconds": "1629665623"
    },
    "total": 122.65584109999999,
    "count": 1,
    "self": 0.006185599999994906,
    "children": {
        "run_training.setup": {
            "total": 0.07079440000000004,
            "count": 1,
            "self": 0.07079440000000004
        },
        "TrainerController.start_learning": {
            "total": 122.5788611,
            "count": 1,
            "self": 0.36507110000104603,
            "children": {
                "TrainerController._reset_env": {
                    "total": 6.5041181,
                    "count": 1,
                    "self": 6.5041181
                },
                "TrainerController.advance": {
                    "total": 115.64484929999897,
                    "count": 22874,
                    "self": 0.37948530000072367,
                    "children": {
                        "env_step": {
                            "total": 110.66456809999909,
                            "count": 22874,
                            "self": 80.61750809999987,
                            "children": {
                                "SubprocessEnvManager._take_step": {
                                    "total": 29.815660800000014,
                                    "count": 22874,
                                    "self": 1.0534252999993932,
                                    "children": {
                                        "TorchPolicy.evaluate": {
                                            "total": 28.76223550000062,
                                            "count": 22831,
                                            "self": 12.169178599999764,
                                            "children": {
                                                "TorchPolicy.sample_actions": {
                                                    "total": 16.593056900000857,
                                                    "count": 22831,
                                                    "self": 16.593056900000857
                                                }
                                            }
                                        }
                                    }
                                },
                                "workers": {
                                    "total": 0.231399199999208,
                                    "count": 22873,
                                    "self": 0.0,
                                    "children": {
                                        "worker_root": {
                                            "total": 116.6601215999996,
                                            "count": 22873,
                                            "is_parallel": true,
                                            "self": 51.06632609999912,
                                            "children": {
                                                "steps_from_proto": {
                                                    "total": 0.00024720000000044706,
                                                    "count": 1,
                                                    "is_parallel": true,
                                                    "self": 0.0001092000000015858,
                                                    "children": {
                                                        "_process_rank_one_or_two_observation": {
                                                            "total": 0.00013799999999886126,
                                                            "count": 2,
                                                            "is_parallel": true,
                                                            "self": 0.00013799999999886126
                                                        }
                                                    }
                                                },
                                                "UnityEnvironment.step": {
                                                    "total": 65.59354830000048,
                                                    "count": 22873,
                                                    "is_parallel": true,
                                                    "self": 1.386900900001038,
                                                    "children": {
                                                        "UnityEnvironment._generate_step_input": {
                                                            "total": 1.0883857999998972,
                                                            "count": 22873,
                                                            "is_parallel": true,
                                                            "self": 1.0883857999998972
                                                        },
                                                        "communicator.exchange": {
                                                            "total": 59.48926770000056,
                                                            "count": 22873,
                                                            "is_parallel": true,
                                                            "self": 59.48926770000056
                                                        },
                                                        "steps_from_proto": {
                                                            "total": 3.628993899998977,
                                                            "count": 22873,
                                                            "is_parallel": true,
                                                            "self": 2.0273555000002057,
                                                            "children": {
                                                                "_process_rank_one_or_two_observation": {
                                                                    "total": 1.6016383999987713,
                                                                    "count": 45746,
                                                                    "is_parallel": true,
                                                                    "self": 1.6016383999987713
                                                                }
                                                            }
                                                        }
                                                    }
                                                }
                                            }
                                        }
                                    }
                                }
                            }
                        },
                        "trainer_advance": {
                            "total": 4.600795899999157,
                            "count": 22873,
                            "self": 0.4589912999993029,
                            "children": {
                                "process_trajectory": {
                                    "total": 1.407129499999857,
                                    "count": 22873,
                                    "self": 1.407129499999857
                                },
                                "_update_policy": {
                                    "total": 2.734675099999997,