{
    "name": "root",
    "gauges": {
        "Shopping.Policy.Entropy.mean": {
            "value": 0.07756820321083069,
            "min": 0.07756820321083069,
            "max": 1.8717132806777954,
            "count": 7
        },
        "Shopping.Policy.Entropy.sum": {
            "value": 775.6820068359375,
            "min": 775.6820068359375,
            "max": 19390.94921875,
            "count": 7
        },
        "Shopping.Environment.EpisodeLength.mean": {
            "value": 382.7142857142857,
            "min": 19.65392781316348,
            "max": 382.7142857142857,
            "count": 7
        },
        "Shopping.Environment.EpisodeLength.sum": {
            "value": 2679.0,
            "min": 1655.0,
            "max": 9257.0,
            "count": 7
        },
        "Shopping.Step.mean": {
            "value": 69996.0,
            "min": 9993.0,
            "max": 69996.0,
            "count": 7
        },
        "Shopping.Step.sum": {
            "value": 69996.0,
            "min": 9993.0,
            "max": 69996.0,
            "count": 7
        },
        "Shopping.Policy.ExtrinsicValueEstimate.mean": {
            "value": -0.0689641684293747,
            "min": -0.7943609356880188,
            "max": -0.0689641684293747,
            "count": 7
        },
        "Shopping.Policy.ExtrinsicValueEstimate.sum": {
            "value": -11.034266471862793,
            "min": -400.35791015625,
            "max": -11.034266471862793,
            "count": 7
        },
        "Shopping.Environment.CumulativeReward.mean": {
            "value": -0.9800000031079564,
            "min": -0.9903703721723071,
            "max": -0.8055914029158572,
            "count": 7
        },
        "Shopping.Environment.CumulativeReward.sum": {
            "value": -6.860000021755695,
            "min": -454.14000244252384,
            "max": -6.860000021755695,
            "count": 7
        },
        "Shopping.Policy.ExtrinsicReward.mean": {
            "value": -0.9800000031079564,
            "min": -0.9903703721723071,
            "max": -0.8055914029158572,
            "count": 7
        },
        "Shopping.Policy.ExtrinsicReward.sum": {
            "value": -6.860000021755695,
            "min": -454.14000244252384,
            "max": -6.860000021755695,
            "count": 7
        },
        "Shopping.Losses.PolicyLoss.mean": {
            "value": 0.24233916711015427,
            "min": 0.2403835525695647,
            "max": 0.24908015814727213,
            "count": 7
        },
        "Shopping.Losses.PolicyLoss.sum": {
            "value": 18.902455034592034,
            "min": 17.673564003276546,
            "max": 19.92641265178177,
            "count": 7
        },
        "Shopping.Losses.ValueLoss.mean": {
            "value": 0.002579305127770471,
            "min": 0.002579305127770471,
            "max": 0.06669520286734178,
            "count": 7
        },
        "Shopping.Losses.ValueLoss.sum": {
            "value": 0.20118579996609673,
            "min": 0.20118579996609673,
            "max": 5.335616229387342,
            "count": 7
        },
        "Shopping.Policy.LearningRate.mean": {
            "value": 0.00026094805147885893,
            "min": 0.00026094805147885893,
            "max": 0.0002969622741833073,
            "count": 7
        },
        "Shopping.Policy.LearningRate.sum": {
            "value": 0.020353948015351,
            "min": 0.019226751791082998,
            "max": 0.0243509064830312,
            "count": 7
        },
        "Shopping.Policy.Epsilon.mean": {
            "value": 0.1869826794871795,
            "min": 0.1869826794871795,
            "max": 0.19898742439024392,
            "count": 7
        },
        "Shopping.Policy.Epsilon.sum": {
            "value": 14.584649,
            "min": 13.608917000000002,
            "max": 16.3169688,
            "count": 7
        },
        "Shopping.Policy.Beta.mean": {
            "value": 0.0004362151294871795,
            "min": 0.0004362151294871795,
            "max": 0.0004950383795121952,
            "count": 7
        },
        "Shopping.Policy.Beta.sum": {
            "value": 0.0340247801,
            "min": 0.032123693300000006,
            "max": 0.040593147120000006,
            "count": 7
        },
        "Shopping.IsTraining.mean": {
            "value": 1.0,
            "min": 1.0,
            "max": 1.0,
            "count": 7
        },
        "Shopping.IsTraining.sum": {
            "value": 1.0,
            "min": 1.0,
            "max": 1.0,
            "count": 7
        }
    },
    "metadata": {
        "timer_format_version": "0.1.0",
        "start_time_seconds": "1629755010",
        "python_version": "3.7.9 (tags/v3.7.9:13c94747c7, Aug 17 2020, 18:58:18) [MSC v.1900 64 bit (AMD64)]",
        "command_line_arguments": "C:\\Users\\stryk\\Desktop\\iSTAR\\ML-Agents\\venv\\Scripts\\mlagents-learn config\\shopper.yaml --run-id=SingleObstacleShopper4",
        "mlagents_version": "0.27.0",
        "mlagents_envs_version": "0.27.0",
        "communication_protocol_version": "1.5.0",
        "pytorch_version": "1.7.0+cu110",
        "numpy_version": "1.21.1",
        "end_time_seconds": "1629755183"
    },
    "total": 173.5828465,
    "count": 1,
    "self": 0.004803900000013073,
    "children": {
        "run_training.setup": {
            "total": 0.07509850000000007,
            "count": 1,
            "self": 0.07509850000000007
        },
        "TrainerController.start_learning": {
            "total": 173.50294409999998,
            "count": 1,
            "self": 0.08940729999977748,
            "children": {
                "TrainerController._reset_env": {
                    "total": 6.1833697,
                    "count": 1,
                    "self": 6.1833697
                },
                "TrainerController.advance": {
                    "total": 167.16137340000017,
                    "count": 4681,
                    "self": 0.08436139999935222,
                    "children": {
                        "env_step": {
                            "total": 39.71709970000069,
                            "count": 4681,
                            "self": 32.65555510000122,
                            "children": {
                                "SubprocessEnvManager._take_step": {
                                    "total": 7.010437199999822,
                                    "count": 4681,
                                    "self": 0.18923689999952753,
                                    "children": {
                                        "TorchPolicy.evaluate": {
                                            "total": 6.821200300000294,
                                            "count": 3577,
                                            "self": 2.8621383000006526,
                                            "children": {
                                                "TorchPolicy.sample_actions": {
                                                    "total": 3.9590619999996415,
                                                    "count": 3577,
                                                    "self": 3.9590619999996415
                                                }
                                            }
                                        }
                                    }
                                },
                                "workers": {
                                    "total": 0.05110739999964231,
                                    "count": 4680,
                                    "self": 0.0,
                                    "children": {
                                        "worker_root": {
                                            "total": 168.21416739999984,
                                            "count": 4680,
                                            "is_parallel": true,