{
    "name": "root",
    "gauges": {
        "Shopping.Policy.Entropy.mean": {
            "value": 0.7993060946464539,
            "min": 0.7993060946464539,
            "max": 1.9035719633102417,
            "count": 7
        },
        "Shopping.Policy.Entropy.sum": {
            "value": 7913.13037109375,
            "min": 7913.13037109375,
            "max": 19797.1484375,
            "count": 7
        },
        "Shopping.Environment.EpisodeLength.mean": {
            "value": 31.934640522875817,
            "min": 21.763157894736842,
            "max": 710.6086956521739,
            "count": 7
        },
        "Shopping.Environment.EpisodeLength.sum": {
            "value": 9772.0,
            "min": 2348.0,
            "max": 16344.0,
            "count": 7
        },
        "Shopping.Step.mean": {
            "value": 69954.0,
            "min": 9955.0,
            "max": 69954.0,
            "count": 7
        },
        "Shopping.Step.sum": {
            "value": 69954.0,
            "min": 9955.0,
            "max": 69954.0,
            "count": 7
        },
        "Shopping.Policy.ExtrinsicValueEstimate.mean": {
            "value": 2.549928903579712,
            "min": -0.5666489005088806,
            "max": 2.549928903579712,
            "count": 7
        },
        "Shopping.Policy.ExtrinsicValueEstimate.sum": {
            "value": 831.27685546875,
            "min": -138.2623291015625,
            "max": 831.27685546875,
            "count": 7
        },
        "Shopping.Environment.CumulativeReward.mean": {
            "value": 2.9607843137254903,
            "min": -1.0,
            "max": 2.9607843137254903,
            "count": 7
        },
        "Shopping.Environment.CumulativeReward.sum": {
            "value": 906.0,
            "min": -114.0,
            "max": 906.0,
            "count": 7
        },
        "Shopping.Policy.ExtrinsicReward.mean": {
            "value": 2.9607843137254903,
            "min": -1.0,
            "max": 2.9607843137254903,
            "count": 7
        },
        "Shopping.Policy.ExtrinsicReward.sum": {
            "value": 906.0,
            "min": -114.0,
            "max": 906.0,
            "count": 7
        },
        "Shopping.Losses.PolicyLoss.mean": {
            "value": 0.2454137091161716,
            "min": 0.2358226375005044,
            "max": 0.2519682829431743,
            "count": 7
        },
        "Shopping.Losses.PolicyLoss.sum": {
            "value": 20.123924147526072,
            "min": 12.958557759160856,
            "max": 20.123924147526072,
            "count": 7
        },
        "Shopping.Losses.ValueLoss.mean": {
            "value": 0.03851798917872678,
            "min": 0.010781799367791604,
            "max": 0.07978415319681557,
            "count": 7
        },
        "Shopping.Losses.ValueLoss.sum": {
            "value": 3.1584751126555957,
            "min": 0.571435366492955,
            "max": 6.063595642957984,
            "count": 7
        },
        "Shopping.Policy.LearningRate.mean": {
            "value": 0.00026096997642464627,
            "min": 0.00026096997642464627,
            "max": 0.00029711084247248674,
            "count": 7
        },
        "Shopping.Policy.LearningRate.sum": {
            "value": 0.021399538066820996,
            "min": 0.015423727958757398,
            "max": 0.021399538066820996,
            "count": 7
        },
        "Shopping.Policy.Epsilon.mean": {
            "value": 0.18698998780487808,
            "min": 0.18698998780487808,
            "max": 0.19903694716981135,
            "count": 7
        },
        "Shopping.Policy.Epsilon.sum": {
            "value": 15.333179000000001,
            "min": 10.4412426,
            "max": 15.333179000000001,
            "count": 7
        },
        "Shopping.Policy.Beta.mean": {
            "value": 0.00043625094024390244,
            "min": 0.00043625094024390244,
            "max": 0.0004952810411320755,
            "count": 7
        },
        "Shopping.Policy.Beta.sum": {
            "value": 0.0357725771,
            "min": 0.02572208874,
            "max": 0.0357725771,
            "count": 7
        },
        "Shopping.IsTraining.mean": {
            "value": 1.0,
            "min": 1.0,
            "max": 1.0,
            "count": 7
        },
        "Shopping.IsTraining.sum": {
            "value": 1.0,
            "min": 1.0,
            "max": 1.0,
            "count": 7
        }
    },
    "metadata": {
        "timer_format_version": "0.1.0",
        "start_time_seconds": "1629761912",
        "python_version": "3.7.9 (tags/v3.7.9:13c94747c7, Aug 17 2020, 18:58:18) [MSC v.1900 64 bit (AMD64)]",
        "command_line_arguments": "C:\\Users\\stryk\\Desktop\\iSTAR\\ML-Agents\\venv\\Scripts\\mlagents-learn config\\shopper.yaml --run-id=SingleShopperNoObstacle1",
        "mlagents_version": "0.27.0",
        "mlagents_envs_version": "0.27.0",
        "communication_protocol_version": "1.5.0",
        "pytorch_version": "1.7.0+cu110",
        "numpy_version": "1.21.1",
        "end_time_seconds": "1629762090"
    },
    "total": 177.856491,
    "count": 1,
    "self": 0.004748500000033573,
    "children": {
        "run_training.setup": {
            "total": 0.0741368,
            "count": 1,
            "self": 0.0741368
        },
        "TrainerController.start_learning": {
            "total": 177.77760569999998,
            "count": 1,
            "self": 0.08029360000057295,
            "children": {
                "TrainerController._reset_env": {
                    "total": 6.16925,
                    "count": 1,
                    "self": 6.16925
                },
                "TrainerController.advance": {
                    "total": 171.4504821999994,
                    "count": 4444,
                    "self": 0.08159419999952888,
                    "children": {
                        "env_step": {
                            "total": 41.7645241999999,
                            "count": 4444,
                            "self": 34.488499600001674,
                            "children": {
                                "SubprocessEnvManager._take_step": {
                                    "total": 7.229095099999498,
                                    "count": 4444,
                                    "self": 0.1886289999987918,
                                    "children": {
                                        "TorchPolicy.evaluate": {
                                            "total": 7.040466100000706,
                                            "count": 3674,
                                            "self": 2.96338890000108,
                                            "children": {
                                                "TorchPolicy.sample_actions": {
                                                    "total": 4.077077199999626,
                                                    "count": 3674,
                                                    "self": 4.077077199999626
                                                }
                                            }
                                        }
                                    }
                                },
                                "workers": {
                                    "total": 0.046929499998729085,
                                    "count": 4443,
                                    "self": 0.0,
                                    "children": {
                                        "worker_root": {
                                            "total": 172.54616830000026,
                                            "count": 4443,
                                            "is_parallel": true,
                                            "self": 143.0842973999997,