{
    "name": "root",
    "gauges": {
        "Shopping.Policy.Entropy.mean": {
            "value": 1.8390467166900635,
            "min": 1.8390467166900635,
            "max": 1.9179933071136475,
            "count": 2
        },
        "Shopping.Policy.Entropy.sum": {
            "value": 18390.466796875,
            "min": 18390.466796875,
            "max": 19870.41015625,
            "count": 2
        },
        "Shopping.Environment.EpisodeLength.mean": {
            "value": 20.239035087719298,
            "min": 16.644128113879002,
            "max": 20.239035087719298,
            "count": 2
        },
        "Shopping.Environment.EpisodeLength.sum": {
            "value": 9229.0,
            "min": 9229.0,
            "max": 9354.0,
            "count": 2
        },
        "Shopping.Step.mean": {
            "value": 19985.0,
            "min": 9980.0,
            "max": 19985.0,
            "count": 2
        },
        "Shopping.Step.sum": {
            "value": 19985.0,
            "min": 9980.0,
            "max": 19985.0,
            "count": 2
        },
        "Shopping.Policy.ExtrinsicValueEstimate.mean": {
            "value": -0.8052255511283875,
            "min": -0.8052255511283875,
            "max": -0.7517185807228088,
            "count": 2
        },
        "Shopping.Policy.ExtrinsicValueEstimate.sum": {
            "value": -405.83367919921875,
            "min": -450.2794189453125,
            "max": -405.83367919921875,
            "count": 2
        },
        "Shopping.Environment.CumulativeReward.mean": {
            "value": -0.9499999965916861,
            "min": -0.9499999965916861,
            "max": -0.8880782891263741,
            "count": 2
        },
        "Shopping.Environment.CumulativeReward.sum": {
            "value": -433.1999984458089,
            "min": -499.09999848902225,
            "max": -433.1999984458089,
            "count": 2
        },
        "Shopping.Policy.ExtrinsicReward.mean": {
            "value": -0.9499999965916861,
            "min": -0.9499999965916861,
            "max": -0.8880782891263741,
            "count": 2
        },
        "Shopping.Policy.ExtrinsicReward.sum": {
            "value": -433.1999984458089,
            "min": -499.09999848902225,
            "max": -433.1999984458089,
            "count": 2
        },
        "Shopping.Losses.PolicyLoss.mean": {
            "value": 0.24065378169702706,
            "min": 0.24065378169702706,
            "max": 0.2417059228349377,
            "count": 2
        },
        "Shopping.Losses.PolicyLoss.sum": {
            "value": 19.492956317459193,
            "min": 19.492956317459193,
            "max": 19.578179749629953,
            "count": 2
        },
        "Shopping.Losses.ValueLoss.mean": {
            "value": 0.050229782500025764,
            "min": 0.050229782500025764,
            "max": 0.15346986958636902,
            "count": 2
        },
        "Shopping.Losses.ValueLoss.sum": {
            "value": 4.068612382502087,
            "min": 4.068612382502087,
            "max": 12.431059436495891,
            "count": 2
        },
        "Shopping.Policy.LearningRate.mean": {
            "value": 0.0002909975363341555,
            "min": 0.0002909975363341555,
            "max": 0.00029698974174416045,
            "count": 2
        },
        "Shopping.Policy.LearningRate.sum": {
            "value": 0.023570800443066597,
            "min": 0.023570800443066597,
            "max": 0.024056169081276998,
            "count": 2
        },
        "Shopping.Policy.Epsilon.mean": {
            "value": 0.19699917777777778,
            "min": 0.19699917777777778,
            "max": 0.1989965802469136,
            "count": 2
        },
        "Shopping.Policy.Epsilon.sum": {
            "value": 15.9569334,
            "min": 15.9569334,
            "max": 16.118723000000003,
            "count": 2
        },
        "Shopping.Policy.Beta.mean": {
            "value": 0.00048529597111111124,
            "min": 0.00048529597111111124,
            "max": 0.0004950832432098765,
            "count": 2
        },
        "Shopping.Policy.Beta.sum": {
            "value": 0.03930897366000001,
            "min": 0.03930897366000001,
            "max": 0.0401017427,
            "count": 2
        },
        "Shopping.IsTraining.mean": {
            "value": 1.0,
            "min": 1.0,
            "max": 1.0,
            "count": 2
        },
        "Shopping.IsTraining.sum": {
            "value": 1.0,
            "min": 1.0,
            "max": 1.0,
            "count": 2
        }
    },
    "metadata": {
        "timer_format_version": "0.1.0",
        "start_time_seconds": "1629755982",
        "python_version": "3.7.9 (tags/v3.7.9:13c94747c7, Aug 17 2020, 18:58:18) [MSC v.1900 64 bit (AMD64)]",
        "command_line_arguments": "C:\\Users\\stryk\\Desktop\\iSTAR\\ML-Agents\\venv\\Scripts\\mlagents-learn config\\shopper.yaml --run-id=SingleObstacleShopper7",
        "mlagents_version": "0.27.0",
        "mlagents_envs_version": "0.27.0",
        "communication_protocol_version": "1.5.0",
        "pytorch_version": "1.7.0+cu110",
        "numpy_version": "1.21.1",
        "end_time_seconds": "1629756052"
    },
    "total": 69.46895140000001,
    "count": 1,
    "self": 0.00451000000001045,
    "children": {
        "run_training.setup": {
            "total": 0.07511259999999997,
            "count": 1,
            "self": 0.07511259999999997
        },
        "TrainerController.start_learning": {
            "total": 69.3893288,
            "count": 1,
            "self": 0.04123939999979598,
            "children": {
                "TrainerController._reset_env": {
                    "total": 7.3958889,
                    "count": 1,
                    "self": 7.3958889
                },
                "TrainerController.advance": {
                    "total": 61.884952900000215,
                    "count": 2159,
                    "self": 0.03949290000013406,
                    "children": {
                        "env_step": {
                            "total": 16.31271170000013,
                            "count": 2159,
                            "self": 13.665155199999962,
                            "children": {
                                "SubprocessEnvManager._take_step": {
                                    "total": 2.6243982999999886,
                                    "count": 2159,
                                    "self": 0.06914719999993224,
                                    "children": {
                                        "TorchPolicy.evaluate": {
                                            "total": 2.5552511000000564,
                                            "count": 1261,
                                            "self": 1.022511900000195,
                                            "children": {
                                                "TorchPolicy.sample_actions": {
                                                    "total": 1.5327391999998614,
                                                    "count": 1261,
                                                    "self": 1.5327391999998614
                                                }
                                            }
                                        }
                                    }
                                },
                                "workers": {
                                    "total": 0.023158200000178653,
                                    "count": 2158,
                                    "self": 0.0,
                                    "children": {
                                        "worker_root": {
                                            "total": 62.924886099999824,
                                            "count": 2158,
                                            "is_parallel": true,