{"count":1,"self":6.7626992,"total":25.6201962,"children":{"InitializeActuators":{"count":1,"self":0.0009985,"total":0.0009985,"children":null},"InitializeSensors":{"count":1,"self":0.0019773,"total":0.0019773,"children":null},"AgentSendState":{"count":20167,"self":0.061524999999999996,"total":0.9450752,"children":{"CollectObservations":{"count":4034,"self":0.0049822999999999994,"total":0.0049822999999999994,"children":null},"WriteActionMask":{"count":4034,"self":0.0069869999999999993,"total":0.0069869999999999993,"children":null},"RequestDecision":{"count":4034,"self":0.0249803,"total":0.8715809,"children":{"AgentInfo.ToProto":{"count":4034,"self":0.0250095,"total":0.84660059999999993,"children":{"GenerateSensorData":{"count":4034,"self":0.82159109999999991,"total":0.82159109999999991,"children":null}}}}}}},"DecideAction":{"count":20167,"self":14.845590399999999,"total":14.845590999999999,"children":null},"AgentAct":{"count":20167,"self":3.0628574,"total":3.0628574,"children":null}},"gauges":{},"metadata":{"timer_format_version":"0.1.0","start_time_seconds":"1629663093","unity_version":"2020.3.14f1","command_line_arguments":"C:\\Program Files\\Unity\\Hub\\Editor\\2020.3.14f1\\Editor\\Unity.exe -projectpath C:\/Users\/stryk\/Desktop\/iSTAR\/ML-Agents -useHub -hubIPC -cloudEnvironment production -hubSessionId c1160b20-037f-11ec-90e1-fb745929cd20 -accessToken NPxjgKCUOye2s6tSx7QJLCjdIfSAn0-ano3BX6dZdX0012f","communication_protocol_version":"1.5.0","com.unity.ml-agents_version":"2.1.0-exp.1","scene_name":"","end_time_seconds":"1629663118"}}