{
    "name": "root",
    "gauges": {
        "Shopping.Policy.Entropy.mean": {
            "value": 1.5861263275146484,
            "min": 1.5861263275146484,
            "max": 1.5861263275146484,
            "count": 1
        },
        "Shopping.Policy.Entropy.sum": {
            "value": 16241.93359375,
            "min": 16241.93359375,
            "max": 16241.93359375,
            "count": 1
        },
        "Shopping.Step.mean": {
            "value": 9984.0,
            "min": 9984.0,
            "max": 9984.0,
            "count": 1
        },
        "Shopping.Step.sum": {
            "value": 9984.0,
            "min": 9984.0,
            "max": 9984.0,
            "count": 1
        },
        "Shopping.Policy.ExtrinsicValueEstimate.mean": {
            "value": 0.061288587749004364,
            "min": 0.061288587749004364,
            "max": 0.061288587749004364,
            "count": 1
        },
        "Shopping.Policy.ExtrinsicValueEstimate.sum": {
            "value": 9.561019897460938,
            "min": 9.561019897460938,
            "max": 9.561019897460938,
            "count": 1
        },
        "Shopping.Losses.PolicyLoss.mean": {
            "value": 0.25216898678700955,
            "min": 0.25216898678700955,
            "max": 0.25216898678700955,
            "count": 1
        },
        "Shopping.Losses.PolicyLoss.sum": {
            "value": 1.7651829075090668,
            "min": 1.7651829075090668,
            "max": 1.7651829075090668,
            "count": 1
        },
        "Shopping.Losses.ValueLoss.mean": {
            "value": 0.0027340819859353986,
            "min": 0.0027340819859353986,
            "max": 0.0027340819859353986,
            "count": 1
        },
        "Shopping.Losses.ValueLoss.sum": {
            "value": 0.01913857390154779,
            "min": 0.01913857390154779,
            "max": 0.01913857390154779,
            "count": 1
        },
        "Shopping.Policy.LearningRate.mean": {
            "value": 0.00029692800102399996,
            "min": 0.00029692800102399996,
            "max": 0.00029692800102399996,
            "count": 1
        },
        "Shopping.Policy.LearningRate.sum": {
            "value": 0.0020784960071679997,
            "min": 0.0020784960071679997,
            "max": 0.0020784960071679997,
            "count": 1
        },
        "Shopping.Policy.Epsilon.mean": {
            "value": 0.19897600000000001,
            "min": 0.19897600000000001,
            "max": 0.19897600000000001,
            "count": 1
        },
        "Shopping.Policy.Epsilon.sum": {
            "value": 1.392832,
            "min": 1.392832,
            "max": 1.392832,
            "count": 1
        },
        "Shopping.Policy.Beta.mean": {
            "value": 0.0004949824,
            "min": 0.0004949824,
            "max": 0.0004949824,
            "count": 1
        },
        "Shopping.Policy.Beta.sum": {
            "value": 0.0034648768,
            "min": 0.0034648768,
            "max": 0.0034648768,
            "count": 1
        },
        "Shopping.IsTraining.mean": {
            "value": 1.0,
            "min": 1.0,
            "max": 1.0,
            "count": 1
        },
        "Shopping.IsTraining.sum": {
            "value": 1.0,
            "min": 1.0,
            "max": 1.0,
            "count": 1
        }
    },
    "metadata": {
        "timer_format_version": "0.1.0",
        "start_time_seconds": "1629770755",
        "python_version": "3.7.9 (tags/v3.7.9:13c94747c7, Aug 17 2020, 18:58:18) [MSC v.1900 64 bit (AMD64)]",
        "command_line_arguments": "C:\\Users\\stryk\\Desktop\\iSTAR\\ML-Agents\\venv\\Scripts\\mlagents-learn config\\shopper.yaml --run-id=SingleObstacleShopper18",
        "mlagents_version": "0.27.0",
        "mlagents_envs_version": "0.27.0",
        "communication_protocol_version": "1.5.0",
        "pytorch_version": "1.7.0+cu110",
        "numpy_version": "1.21.1",
        "end_time_seconds": "1629770789"
    },
    "total": 34.6390127,
    "count": 1,
    "self": 0.004808199999999374,
    "children": {
        "run_training.setup": {
            "total": 0.07044459999999997,
            "count": 1,
            "self": 0.07044459999999997
        },
        "TrainerController.start_learning": {
            "total": 34.5637599,
            "count": 1,
            "self": 0.008900500000031286,
            "children": {
                "TrainerController._reset_env": {
                    "total": 5.487803700000001,
                    "count": 1,
                    "self": 5.487803700000001
                },
                "TrainerController.advance": {
                    "total": 28.99161379999997,
                    "count": 514,
                    "self": 0.009357799999950345,
                    "children": {
                        "env_step": {
                            "total": 9.86897430000005,
                            "count": 514,
                            "self": 8.502522800000037,
                            "children": {
                                "SubprocessEnvManager._take_step": {
                                    "total": 1.3609853999999935,
                                    "count": 514,
                                    "self": 0.02585559999999898,
                                    "children": {
                                        "TorchPolicy.evaluate": {
                                            "total": 1.3351297999999945,
                                            "count": 514,
                                            "self": 0.5430343000000235,
                                            "children": {
                                                "TorchPolicy.sample_actions": {
                                                    "total": 0.792095499999971,
                                                    "count": 514,
                                                    "self": 0.792095499999971
                                                }
                                            }
                                        }
                                    }
                                },
                                "workers": {
                                    "total": 0.005466100000020013,
                                    "count": 513,
                                    "self": 0.0,
                                    "children": {
                                        "worker_root": {
                                            "total": 30.110277000000032,
                                            "count": 513,
                                            "is_parallel": true,
                                            "self": 22.266352100000002,
                                            "children": {
                                                "steps_from_proto": {
                                                    "total": 0.0009654999999995084,
                                                    "count": 1,
                                                    "is_parallel": true,
                                                    "self": 0.00023429999999979856,
                                                    "children": {
                                                        "_process_rank_one_or_two_observation": {
                                                            "total": 0.0007311999999997099,
                                                            "count": 8,
                                                            "is_parallel": true,
                                                            "self": 0.0007311999999997099
                                                        }
                                                    }
                                                },