{
    "name": "root",
    "gauges": {
        "Shopping.Policy.Entropy.mean": {
            "value": 0.37904512882232666,
            "min": 0.3776471018791199,
            "max": 1.5958428382873535,
            "count": 50
        },
        "Shopping.Policy.Entropy.sum": {
            "value": 3729.80419921875,
            "min": 3688.69677734375,
            "max": 18384.109375,
            "count": 50
        },
        "Shopping.Environment.EpisodeLength.mean": {
            "value": 888.75,
            "min": 28.6,
            "max": 929.6,
            "count": 50
        },
        "Shopping.Environment.EpisodeLength.sum": {
            "value": 14220.0,
            "min": 3432.0,
            "max": 16498.0,
            "count": 50
        },
        "Shopping.Step.mean": {
            "value": 499977.0,
            "min": 9952.0,
            "max": 499977.0,
            "count": 50
        },
        "Shopping.Step.sum": {
            "value": 499977.0,
            "min": 9952.0,
            "max": 499977.0,
            "count": 50
        },
        "Shopping.Policy.ExtrinsicValueEstimate.mean": {
            "value": 2.967942476272583,
            "min": -1.999761700630188,
            "max": 3.5455965995788574,
            "count": 50
        },
        "Shopping.Policy.ExtrinsicValueEstimate.sum": {
            "value": 486.7425537109375,
            "min": -483.94232177734375,
            "max": 574.3866577148438,
            "count": 50
        },
        "Shopping.Environment.CumulativeReward.mean": {
            "value": 27.616502130171284,
            "min": -2.953590015259882,
            "max": 35.388747950169176,
            "count": 50
        },
        "Shopping.Environment.CumulativeReward.sum": {
            "value": 441.86403408274055,
            "min": -354.4308018311858,
            "max": 515.1944398842752,
            "count": 50
        },
        "Shopping.Policy.ExtrinsicReward.mean": {
            "value": 27.616502130171284,
            "min": -2.953590015259882,
            "max": 35.388747950169176,
            "count": 50
        },
        "Shopping.Policy.ExtrinsicReward.sum": {
            "value": 441.86403408274055,
            "min": -354.4308018311858,
            "max": 515.1944398842752,
            "count": 50
        },
        "Shopping.Losses.PolicyLoss.mean": {
            "value": 0.25153707035885897,
            "min": 0.23901871555949694,
            "max": 0.25576113348156565,
            "count": 50
        },
        "Shopping.Losses.PolicyLoss.sum": {
            "value": 14.33761301045496,
            "min": 6.515629984612096,
            "max": 16.135594984355382,
            "count": 50
        },
        "Shopping.Losses.ValueLoss.mean": {
            "value": 1.2079074544427801,
            "min": 0.2830972296382088,
            "max": 2.478312834041876,
            "count": 50
        },
        "Shopping.Losses.ValueLoss.sum": {
            "value": 68.85072490323847,
            "min": 12.532037323020546,
            "max": 153.6553957105963,
            "count": 50
        },
        "Shopping.Policy.LearningRate.mean": {
            "value": 2.93006744439649e-06,
            "min": 2.93006744439649e-06,
            "max": 0.00029688702325988145,
            "count": 50
        },
        "Shopping.Policy.LearningRate.sum": {
            "value": 0.00016701384433059994,
            "min": 0.00016701384433059994,
            "max": 0.015063032178989398,
            "count": 50
        },
        "Shopping.Policy.Epsilon.mean": {
            "value": 0.10097665614035088,
            "min": 0.10097665614035088,
            "max": 0.19896234074074073,
            "count": 50
        },
        "Shopping.Policy.Epsilon.sum": {
            "value": 5.7556694,
            "min": 5.3719832,
            "max": 10.645918199999999,
            "count": 50
        },
        "Shopping.Policy.Beta.mean": {
            "value": 1.4785615087719298e-05,
            "min": 1.4785615087719298e-05,
            "max": 0.0004949154696296296,
            "count": 50
        },
        "Shopping.Policy.Beta.sum": {
            "value": 0.00084278006,
            "min": 0.00084278006,
            "max": 0.025142951940000005,
            "count": 50
        },
        "Shopping.IsTraining.mean": {
            "value": 1.0,
            "min": 1.0,
            "max": 1.0,
            "count": 50
        },
        "Shopping.IsTraining.sum": {
            "value": 1.0,
            "min": 1.0,
            "max": 1.0,
            "count": 50
        }
    },
    "metadata": {
        "timer_format_version": "0.1.0",
        "start_time_seconds": "1629848027",
        "python_version": "3.7.9 (tags/v3.7.9:13c94747c7, Aug 17 2020, 18:58:18) [MSC v.1900 64 bit (AMD64)]",
        "command_line_arguments": "C:\\Users\\stryk\\Desktop\\iSTAR\\ML-Agents\\venv\\Scripts\\mlagents-learn config\\shopper.yaml --run-id=ThreeShopper2",
        "mlagents_version": "0.27.0",
        "mlagents_envs_version": "0.27.0",
        "communication_protocol_version": "1.5.0",
        "pytorch_version": "1.7.0+cu110",
        "numpy_version": "1.21.1",
        "end_time_seconds": "1629849069"
    },
    "total": 1042.017932,
    "count": 1,
    "self": 0.007948700000042663,
    "children": {
        "run_training.setup": {
            "total": 0.06612679999999993,
            "count": 1,
            "self": 0.06612679999999993
        },
        "TrainerController.start_learning": {
            "total": 1041.9438565,
            "count": 1,
            "self": 0.17345380000028854,
            "children": {
                "TrainerController._reset_env": {
                    "total": 6.45678,
                    "count": 1,
                    "self": 6.45678
                },
                "TrainerController.advance": {
                    "total": 1035.2693035999998,
                    "count": 8770,
                    "self": 0.17063889999349158,
                    "children": {
                        "env_step": {
                            "total": 146.9709144000024,
                            "count": 8770,
                            "self": 130.78643309999939,
                            "children": {
                                "SubprocessEnvManager._take_step": {
                                    "total": 16.08990810000013,
                                    "count": 8770,
                                    "self": 0.5751397999983023,
                                    "children": {
                                        "TorchPolicy.evaluate": {
                                            "total": 15.514768300001828,
                                            "count": 8364,
                                            "self": 6.897980999998479,
                                            "children": {
                                                "TorchPolicy.sample_actions": {
                                                    "total": 8.616787300003349,
                                                    "count": 8364,
                                                    "self": 8.616787300003349
                                                }
                                            }
                                        }
                                    }
                                },
                                "workers": {
                                    "total": 0.09457320000289382,
                                    "count": 8770,
                                    "self": 0.0,
                                    "children": {
                                        "worker_root": {
                                            "total": 1036.2582023999976,
                                            "count": 8770,
                                            "is_parallel": true,
                                            "self": 924.9084833999952,