{
    "name": "root",
    "gauges": {
        "Shopping.Policy.Entropy.mean": {
            "value": 1.5570164918899536,
            "min": 1.5570164918899536,
            "max": 1.5972453355789185,
            "count": 5
        },
        "Shopping.Policy.Entropy.sum": {
            "value": 15414.462890625,
            "min": 13141.57421875,
            "max": 18400.265625,
            "count": 5
        },
        "Shopping.Environment.EpisodeLength.mean": {
            "value": 298.92857142857144,
            "min": 26.02127659574468,
            "max": 298.92857142857144,
            "count": 5
        },
        "Shopping.Environment.EpisodeLength.sum": {
            "value": 4185.0,
            "min": 1014.0,
            "max": 4855.0,
            "count": 5
        },
        "Shopping.Step.mean": {
            "value": 49994.0,
            "min": 9964.0,
            "max": 49994.0,
            "count": 5
        },
        "Shopping.Step.sum": {
            "value": 49994.0,
            "min": 9964.0,
            "max": 49994.0,
            "count": 5
        },
        "Shopping.Policy.ExtrinsicValueEstimate.mean": {
            "value": 0.17529010772705078,
            "min": -2.087597370147705,
            "max": 0.17529010772705078,
            "count": 5
        },
        "Shopping.Policy.ExtrinsicValueEstimate.sum": {
            "value": 28.922866821289062,
            "min": -471.7970275878906,
            "max": 28.922866821289062,
            "count": 5
        },
        "Shopping.Environment.CumulativeReward.mean": {
            "value": -2.604076868066421,
            "min": -3.026021291600897,
            "max": -1.3770743599811266,
            "count": 5
        },
        "Shopping.Environment.CumulativeReward.sum": {
            "value": -33.85299928486347,
            "min": -284.4460014104843,
            "max": -33.85299928486347,
            "count": 5
        },
        "Shopping.Policy.ExtrinsicReward.mean": {
            "value": -2.604076868066421,
            "min": -3.026021291600897,
            "max": -1.3770743599811266,
            "count": 5
        },
        "Shopping.Policy.ExtrinsicReward.sum": {
            "value": -33.85299928486347,
            "min": -284.4460014104843,
            "max": -33.85299928486347,
            "count": 5
        },
        "Shopping.Losses.PolicyLoss.mean": {
            "value": 0.24533033896132175,
            "min": 0.24524807555319322,
            "max": 0.2530828001354434,
            "count": 5
        },
        "Shopping.Losses.PolicyLoss.sum": {
            "value": 10.794534914298158,
            "min": 5.48225232921621,
            "max": 10.81718948566349,
            "count": 5
        },
        "Shopping.Losses.ValueLoss.mean": {
            "value": 0.8270847787382849,
            "min": 0.32343564407427167,
            "max": 3.29824139511248,
            "count": 5
        },
        "Shopping.Losses.ValueLoss.sum": {
            "value": 36.391730264484536,
            "min": 7.115584169633976,
            "max": 105.54372464359936,
            "count": 5
        },
        "Shopping.Policy.LearningRate.mean": {
            "value": 0.000272819572696509,
            "min": 0.000272819572696509,
            "max": 0.0002969789464615637,
            "count": 5
        },
        "Shopping.Policy.LearningRate.sum": {
            "value": 0.012004061198646398,
            "min": 0.0065335368221544005,
            "max": 0.012282347105884397,
            "count": 5
        },
        "Shopping.Policy.Epsilon.mean": {
            "value": 0.19093985454545456,
            "min": 0.19093985454545456,
            "max": 0.19899298181818184,
            "count": 5
        },
        "Shopping.Policy.Epsilon.sum": {
            "value": 8.4013536,
            "min": 4.377845600000001,
            "max": 8.4941156,
            "count": 5
        },
        "Shopping.Policy.Beta.mean": {
            "value": 0.0004556052872727272,
            "min": 0.0004556052872727272,
            "max": 0.000495065610909091,
            "count": 5
        },
        "Shopping.Policy.Beta.sum": {
            "value": 0.020046632639999996,
            "min": 0.010891443440000002,
            "max": 0.02050116644,
            "count": 5
        },
        "Shopping.IsTraining.mean": {
            "value": 1.0,
            "min": 1.0,
            "max": 1.0,
            "count": 5
        },
        "Shopping.IsTraining.sum": {
            "value": 1.0,
            "min": 1.0,
            "max": 1.0,
            "count": 5
        }
    },
    "metadata": {
        "timer_format_version": "0.1.0",
        "start_time_seconds": "1629847832",
        "python_version": "3.7.9 (tags/v3.7.9:13c94747c7, Aug 17 2020, 18:58:18) [MSC v.1900 64 bit (AMD64)]",
        "command_line_arguments": "C:\\Users\\stryk\\Desktop\\iSTAR\\ML-Agents\\venv\\Scripts\\mlagents-learn config\\shopper.yaml --run-id=ThreeShopper1",
        "mlagents_version": "0.27.0",
        "mlagents_envs_version": "0.27.0",
        "communication_protocol_version": "1.5.0",
        "pytorch_version": "1.7.0+cu110",
        "numpy_version": "1.21.1",
        "end_time_seconds": "1629847966"
    },
    "total": 134.02785839999999,
    "count": 1,
    "self": 0.004585800000000972,
    "children": {
        "run_training.setup": {
            "total": 0.13086949999999997,
            "count": 1,
            "self": 0.13086949999999997
        },
        "TrainerController.start_learning": {
            "total": 133.8924031,
            "count": 1,
            "self": 0.02114979999987554,
            "children": {
                "TrainerController._reset_env": {
                    "total": 11.1041696,
                    "count": 1,
                    "self": 11.1041696
                },
                "TrainerController.advance": {
                    "total": 122.66833620000011,
                    "count": 1050,
                    "self": 0.02219490000035762,
                    "children": {
                        "env_step": {
                            "total": 18.3434398999999,
                            "count": 1050,
                            "self": 15.703556799999676,
                            "children": {
                                "SubprocessEnvManager._take_step": {
                                    "total": 2.628230400000053,
                                    "count": 1050,
                                    "self": 0.06778289999984644,
                                    "children": {
                                        "TorchPolicy.evaluate": {
                                            "total": 2.5604475000002065,
                                            "count": 951,
                                            "self": 0.8901725000002241,
                                            "children": {
                                                "TorchPolicy.sample_actions": {
                                                    "total": 1.6702749999999824,
                                                    "count": 951,
                                                    "self": 1.6702749999999824
                                                }
                                            }
                                        }
                                    }
                                },
                                "workers": {
                                    "total": 0.011652700000171379,
                                    "count": 1049,
                                    "self": 0.0,
                                    "children": {
                                        "worker_root": {
                                            "total": 124.76977709999976,
                                            "count": 1049,
                                            "is_parallel": true,
                                            "self": 111.42564379999983,