{
    "name": "root",
    "gauges": {
        "Shopping.Policy.Entropy.mean": {
            "value": 1.8507331609725952,
            "min": 1.5739729404449463,
            "max": 2.479194402694702,
            "count": 60
        },
        "Shopping.Policy.Entropy.sum": {
            "value": 94757.5390625,
            "min": 80137.515625,
            "max": 126934.7578125,
            "count": 60
        },
        "Shopping.Step.mean": {
            "value": 2999948.0,
            "min": 49984.0,
            "max": 2999948.0,
            "count": 60
        },
        "Shopping.Step.sum": {
            "value": 2999948.0,
            "min": 49984.0,
            "max": 2999948.0,
            "count": 60
        },
        "Shopping.Policy.ExtrinsicValueEstimate.mean": {
            "value": 0.006927732843905687,
            "min": -0.07638103514909744,
            "max": 0.2904841899871826,
            "count": 60
        },
        "Shopping.Policy.ExtrinsicValueEstimate.sum": {
            "value": 5.410559177398682,
            "min": -59.653587341308594,
            "max": 234.13026428222656,
            "count": 60
        },
        "Shopping.Policy.GailValueEstimate.mean": {
            "value": 27.582015991210938,
            "min": 25.18629264831543,
            "max": 48.245628356933594,
            "count": 60
        },
        "Shopping.Policy.GailValueEstimate.sum": {
            "value": 21541.5546875,
            "min": 20274.96484375,
            "max": 38885.9765625,
            "count": 60
        },
        "Shopping.Losses.PolicyLoss.mean": {
            "value": 0.0696037675916724,
            "min": 0.06492326218780489,
            "max": 0.07203106606401312,
            "count": 60
        },
        "Shopping.Losses.PolicyLoss.sum": {
            "value": 1.2528678166501033,
            "min": 0.8125098389476382,
            "max": 1.3685902552162492,
            "count": 60
        },
        "Shopping.Losses.ValueLoss.mean": {
            "value": 9.023163681709638,
            "min": 7.165249422702772,
            "max": 482.0196132309188,
            "count": 60
        },
        "Shopping.Losses.ValueLoss.sum": {
            "value": 162.41694627077348,
            "min": 136.13973903135266,
            "max": 9158.372651387457,
            "count": 60
        },
        "Shopping.Policy.LearningRate.mean": {
            "value": 2.520499159866665e-06,
            "min": 2.520499159866665e-06,
            "max": 0.0002973376008874667,
            "count": 60
        },
        "Shopping.Policy.LearningRate.sum": {
            "value": 4.536898487759997e-05,
            "min": 4.536898487759997e-05,
            "max": 0.005274031741989467,
            "count": 60
        },
        "Shopping.Policy.Epsilon.mean": {
            "value": 0.10084013333333333,
            "min": 0.10084013333333333,
            "max": 0.19911253333333337,
            "count": 60
        },
        "Shopping.Policy.Epsilon.sum": {
            "value": 1.8151224,
            "min": 1.8151224,
            "max": 3.6580105333333335,
            "count": 60
        },
        "Shopping.Policy.Beta.mean": {
            "value": 5.1922653333333325e-05,
            "min": 5.1922653333333325e-05,
            "max": 0.004955715413333334,
            "count": 60
        },
        "Shopping.Policy.Beta.sum": {
            "value": 0.0009346077599999998,
            "min": 0.0009346077599999998,
            "max": 0.08791472561333333,
            "count": 60
        },
        "Shopping.Policy.GAILPolicyEstimate.mean": {
            "value": 0.17488419267781782,
            "min": 0.1471734480735316,
            "max": 0.31933259112863904,
            "count": 60
        },
        "Shopping.Policy.GAILPolicyEstimate.sum": {
            "value": 3.1479154682007207,
            "min": 2.695076224077377,
            "max": 5.217935390760422,
            "count": 60
        },
        "Shopping.Policy.GAILExpertEstimate.mean": {
            "value": 0.8207564641172991,
            "min": 0.6710197589256698,
            "max": 0.8537594154990868,
            "count": 60
        },
        "Shopping.Policy.GAILExpertEstimate.sum": {
            "value": 14.773616354111383,
            "min": 8.052237107108038,
            "max": 16.22142889448265,
            "count": 60
        },
        "Shopping.Losses.GAILLoss.mean": {
            "value": 0.5065726720913799,
            "min": 0.42582822412668964,
            "max": 0.8570599533203578,
            "count": 60
        },
        "Shopping.Losses.GAILLoss.sum": {
            "value": 9.118308097644839,
            "min": 7.75363566857896,
            "max": 14.643116640574267,
            "count": 60
        },
        "Shopping.Policy.GAILGradMagLoss.mean": {
            "value": 0.02142197022406054,
            "min": 0.019841906650990095,
            "max": 0.6156207850468086,
            "count": 60
        },
        "Shopping.Policy.GAILGradMagLoss.sum": {
            "value": 0.3855954640330897,
            "min": 0.3571543197178217,
            "max": 7.387449420561703,
            "count": 60
        },
        "Shopping.IsTraining.mean": {
            "value": 1.0,
            "min": 1.0,
            "max": 1.0,
            "count": 60
        },
        "Shopping.IsTraining.sum": {
            "value": 1.0,
            "min": 1.0,
            "max": 1.0,
            "count": 60
        },
        "Shopping.Environment.EpisodeLength.mean": {
            "value": 1999.0,
            "min": 1994.5625,
            "max": 2000.0,
            "count": 50
        },
        "Shopping.Environment.EpisodeLength.sum": {
            "value": 63968.0,
            "min": 3998.0,
            "max": 64000.0,
            "count": 50
        },
        "Shopping.Environment.CumulativeReward.mean": {
            "value": 0.3281249951105565,
            "min": -1.8230675273307497,
            "max": 3.493154047981534,
            "count": 51
        },
        "Shopping.Environment.CumulativeReward.sum": {
            "value": 10.499999843537807,
            "min": -58.33816087458399,
            "max": 111.78092953540909,
            "count": 51
        },
        "Shopping.Policy.ExtrinsicReward.mean": {
            "value": 0.3281249951105565,
            "min": -1.8230675273307497,
            "max": 3.493154047981534,
            "count": 51
        },
        "Shopping.Policy.ExtrinsicReward.sum": {
            "value": 10.499999843537807,
            "min": -58.33816087458399,
            "max": 111.78092953540909,
            "count": 51
        },
        "Shopping.Policy.GailReward.mean": {
            "value": 514.674469621119,
            "min": 317.05004129651934,
            "max": 942.0035159828003,
            "count": 51
        },
        "Shopping.Policy.GailReward.sum": {
            "value": 16469.583027875808,
            "min": 575.8711053133011,
            "max": 30144.11251144961,
            "count": 51
        }
    },
    "metadata": {
        "timer_format_version": "0.1.0",
        "start_time_seconds": "1632545486",
        "python_version": "3.7.9 (tags/v3.7.9:13c94747c7, Aug 17 2020, 18:58:18) [MSC v.1900 64 bit (AMD64)]",
        "command_line_arguments": "C:\\Users\\stryk\\Desktop\\iSTAR\\ML-Agents\\venv\\Scripts\\mlagents-learn config\\GAIL\\shopper.yaml --run-id=IV1_2",
        "mlagents_version": "0.27.0",
        "mlagents_envs_version": "0.27.0",
        "communication_protocol_version": "1.5.0",
        "pytorch_version": "1.7.0+cu110",
        "numpy_version": "1.21.1",
        "end_time_seconds": "1632554006"
    },
    "total": 8520.714093699999,
    "count": 1,
    "self": 0.007837899998776265,
    "children": {
        "run_training.setup": {
            "total": 0.07517209999999996,
            "count": 1,
            "self": 0.07517209999999996
        },
        "TrainerController.start_learning": {
            "total": 8520.6310837,
            "count": 1,