{
    "name": "root",
    "gauges": {
        "MoveToGoal.Policy.Entropy.mean": {
            "value": 1.2493302822113037,
            "min": 1.2493302822113037,
            "max": 1.4300211668014526,
            "count": 8
        },
        "MoveToGoal.Policy.Entropy.sum": {
            "value": 12443.330078125,
            "min": 12443.330078125,
            "max": 14946.6201171875,
            "count": 8
        },
        "MoveToGoal.Environment.EpisodeLength.mean": {
            "value": 22.12064965197216,
            "min": 22.12064965197216,
            "max": 53.21578947368421,
            "count": 8
        },
        "MoveToGoal.Environment.EpisodeLength.sum": {
            "value": 9534.0,
            "min": 9500.0,
            "max": 10111.0,
            "count": 8
        },
        "MoveToGoal.Step.mean": {
            "value": 79999.0,
            "min": 9970.0,
            "max": 79999.0,
            "count": 8
        },
        "MoveToGoal.Step.sum": {
            "value": 79999.0,
            "min": 9970.0,
            "max": 79999.0,
            "count": 8
        },
        "MoveToGoal.Policy.ExtrinsicValueEstimate.mean": {
            "value": 0.8937133550643921,
            "min": 0.2405971735715866,
            "max": 0.8937133550643921,
            "count": 8
        },
        "MoveToGoal.Policy.ExtrinsicValueEstimate.sum": {
            "value": 386.08416748046875,
            "min": 58.94630813598633,
            "max": 386.08416748046875,
            "count": 8
        },
        "MoveToGoal.Environment.CumulativeReward.mean": {
            "value": 0.9953703703703703,
            "min": 0.28640776699029125,
            "max": 0.9953703703703703,
            "count": 8
        },
        "MoveToGoal.Environment.CumulativeReward.sum": {
            "value": 430.0,
            "min": 59.0,
            "max": 430.0,
            "count": 8
        },
        "MoveToGoal.Policy.ExtrinsicReward.mean": {
            "value": 0.9953703703703703,
            "min": 0.28640776699029125,
            "max": 0.9953703703703703,
            "count": 8
        },
        "MoveToGoal.Policy.ExtrinsicReward.sum": {
            "value": 430.0,
            "min": 59.0,
            "max": 430.0,
            "count": 8
        },
        "MoveToGoal.Losses.PolicyLoss.mean": {
            "value": 0.24396354066233117,
            "min": 0.24056959170753778,
            "max": 0.24865740029977446,
            "count": 8
        },
        "MoveToGoal.Losses.PolicyLoss.sum": {
            "value": 21.468791578285142,
            "min": 18.66272134349327,
            "max": 21.594281364855092,
            "count": 8
        },
        "MoveToGoal.Losses.ValueLoss.mean": {
            "value": 0.003852392801993842,
            "min": 0.003852392801993842,
            "max": 0.09429061028536101,
            "count": 8
        },
        "MoveToGoal.Losses.ValueLoss.sum": {
            "value": 0.3390105665754581,
            "min": 0.3390105665754581,
            "max": 7.166086381687437,
            "count": 8
        },
        "MoveToGoal.Policy.LearningRate.mean": {
            "value": 0.00025499993318184544,
            "min": 0.00025499993318184544,
            "max": 0.0002969701431152157,
            "count": 8
        },
        "MoveToGoal.Policy.LearningRate.sum": {
            "value": 0.022439994120002398,
            "min": 0.022439994120002398,
            "max": 0.024020472793175998,
            "count": 8
        },
        "MoveToGoal.Policy.Epsilon.mean": {
            "value": 0.18499997272727275,
            "min": 0.18499997272727275,
            "max": 0.19899004736842107,
            "count": 8
        },
        "MoveToGoal.Policy.Epsilon.sum": {
            "value": 16.2799976,
            "min": 15.123243600000002,
            "max": 16.806824,
            "count": 8
        },
        "MoveToGoal.Policy.Beta.mean": {
            "value": 0.0004264998663636365,
            "min": 0.0004264998663636365,
            "max": 0.000495051232105263,
            "count": 8
        },
        "MoveToGoal.Policy.Beta.sum": {
            "value": 0.03753198824000001,
            "min": 0.03753198824000001,
            "max": 0.040113437599999996,
            "count": 8
        },
        "MoveToGoal.IsTraining.mean": {
            "value": 1.0,
            "min": 1.0,
            "max": 1.0,
            "count": 8
        },
        "MoveToGoal.IsTraining.sum": {
            "value": 1.0,
            "min": 1.0,
            "max": 1.0,
            "count": 8
        }
    },
    "metadata": {
        "timer_format_version": "0.1.0",
        "start_time_seconds": "1629668308",
        "python_version": "3.7.9 (tags/v3.7.9:13c94747c7, Aug 17 2020, 18:58:18) [MSC v.1900 64 bit (AMD64)]",
        "command_line_arguments": "C:\\Users\\stryk\\Desktop\\iSTAR\\ML-Agents\\venv\\Scripts\\mlagents-learn config\\moveToGoal.yaml --initialize-from=MoveToGoal2 --run-id=MoveToGoal3",
        "mlagents_version": "0.27.0",
        "mlagents_envs_version": "0.27.0",
        "communication_protocol_version": "1.5.0",
        "pytorch_version": "1.7.0+cu110",
        "numpy_version": "1.21.1",
        "end_time_seconds": "1629668494"
    },
    "total": 186.37831939999998,
    "count": 1,
    "self": 0.004540499999961867,
    "children": {
        "run_training.setup": {
            "total": 0.07142159999999997,
            "count": 1,
            "self": 0.07142159999999997
        },
        "TrainerController.start_learning": {
            "total": 186.3023573,
            "count": 1,
            "self": 0.10948630000089565,
            "children": {
                "TrainerController._reset_env": {
                    "total": 7.343381099999999,
                    "count": 1,
                    "self": 7.343381099999999
                },
                "TrainerController.advance": {
                    "total": 178.78785459999912,
                    "count": 6010,
                    "self": 0.10430719999976645,
                    "children": {
                        "env_step": {
                            "total": 36.35561019999918,
                            "count": 6010,
                            "self": 31.024990500001458,
                            "children": {
                                "SubprocessEnvManager._take_step": {
                                    "total": 5.269080999998895,
                                    "count": 6010,
                                    "self": 0.23200109999958052,
                                    "children": {
                                        "TorchPolicy.evaluate": {
                                            "total": 5.0370798999993145,
                                            "count": 4061,
                                            "self": 1.9869581999995223,
                                            "children": {
                                                "TorchPolicy.sample_actions": {
                                                    "total": 3.050121699999792,
                                                    "count": 4061,
                                                    "self": 3.050121699999792
                                                }
                                            }
                                        }
                                    }
                                },
                                "workers": {
                                    "total": 0.06153869999882389,
                                    "count": 6009,
                                    "self": 0.0,
                                    "children": {
                                        "worker_root": {
                                            "total": 179.89093829999928,
                                            "count": 6009,
                                            "is_parallel": true,