{
    "name": "root",
    "gauges": {
        "Shopping.Policy.Entropy.mean": {
            "value": 0.9777966737747192,
            "min": 0.7417236566543579,
            "max": 1.5932559967041016,
            "count": 45
        },
        "Shopping.Policy.Entropy.sum": {
            "value": 9621.51953125,
            "min": 6823.359375,
            "max": 16314.94140625,
            "count": 45
        },
        "Shopping.Step.mean": {
            "value": 449938.0,
            "min": 9968.0,
            "max": 449938.0,
            "count": 45
        },
        "Shopping.Step.sum": {
            "value": 449938.0,
            "min": 9968.0,
            "max": 449938.0,
            "count": 45
        },
        "Shopping.Policy.ExtrinsicValueEstimate.mean": {
            "value": 3.320845127105713,
            "min": -0.6540386080741882,
            "max": 12.88155460357666,
            "count": 45
        },
        "Shopping.Policy.ExtrinsicValueEstimate.sum": {
            "value": 521.3726806640625,
            "min": -105.95425415039062,
            "max": 2035.28564453125,
            "count": 45
        },
        "Shopping.Losses.PolicyLoss.mean": {
            "value": 0.24408039451645325,
            "min": 0.22945043741306834,
            "max": 0.2505488957537942,
            "count": 45
        },
        "Shopping.Losses.PolicyLoss.sum": {
            "value": 12.936260909372022,
            "min": 1.192149525182852,
            "max": 13.528298059155196,
            "count": 45
        },
        "Shopping.Losses.ValueLoss.mean": {
            "value": 12.603536397548973,
            "min": 0.8625795471758602,
            "max": 39.70585063037101,
            "count": 45
        },
        "Shopping.Losses.ValueLoss.sum": {
            "value": 667.9874290700956,
            "min": 4.312897735879301,
            "max": 1459.6466805211658,
            "count": 45
        },
        "Shopping.Policy.LearningRate.mean": {
            "value": 3.303103993307924e-05,
            "min": 3.303103993307924e-05,
            "max": 0.00029661120112959996,
            "count": 45
        },
        "Shopping.Policy.LearningRate.sum": {
            "value": 0.0017506451164531998,
            "min": 0.0014830560056479998,
            "max": 0.008548680850440001,
            "count": 45
        },
        "Shopping.Policy.Epsilon.mean": {
            "value": 0.11101031698113206,
            "min": 0.11101031698113206,
            "max": 0.19887040000000003,
            "count": 45
        },
        "Shopping.Policy.Epsilon.sum": {
            "value": 5.8835467999999995,
            "min": 0.9943520000000001,
            "max": 6.5922388,
            "count": 45
        },
        "Shopping.Policy.Beta.mean": {
            "value": 6.395055320754718e-05,
            "min": 6.395055320754718e-05,
            "max": 0.00049446496,
            "count": 45
        },
        "Shopping.Policy.Beta.sum": {
            "value": 0.0033893793200000005,
            "min": 0.0024723248,
            "max": 0.014332844000000003,
            "count": 45
        },
        "Shopping.Environment.EpisodeLength.mean": {
            "value": 999.0,
            "min": 29.2,
            "max": 999.0,
            "count": 45
        },
        "Shopping.Environment.EpisodeLength.sum": {
            "value": 3996.0,
            "min": 292.0,
            "max": 32004.0,
            "count": 45
        },
        "Shopping.Environment.CumulativeReward.mean": {
            "value": 18.50654900074005,
            "min": -3.2950000427663326,
            "max": 203.81529507460073,
            "count": 45
        },
        "Shopping.Environment.CumulativeReward.sum": {
            "value": 74.0261960029602,
            "min": -30.74200052022934,
            "max": 1992.6659406647086,
            "count": 45
        },
        "Shopping.Policy.ExtrinsicReward.mean": {
            "value": 18.50654900074005,
            "min": -3.2950000427663326,
            "max": 203.81529507460073,
            "count": 45
        },
        "Shopping.Policy.ExtrinsicReward.sum": {
            "value": 74.0261960029602,
            "min": -30.74200052022934,
            "max": 1992.6659406647086,
            "count": 45
        },
        "Shopping.IsTraining.mean": {
            "value": 1.0,
            "min": 1.0,
            "max": 1.0,
            "count": 45
        },
        "Shopping.IsTraining.sum": {
            "value": 1.0,
            "min": 1.0,
            "max": 1.0,
            "count": 45
        }
    },
    "metadata": {
        "timer_format_version": "0.1.0",
        "start_time_seconds": "1629779785",
        "python_version": "3.7.9 (tags/v3.7.9:13c94747c7, Aug 17 2020, 18:58:18) [MSC v.1900 64 bit (AMD64)]",
        "command_line_arguments": "C:\\Users\\stryk\\Desktop\\iSTAR\\ML-Agents\\venv\\Scripts\\mlagents-learn config\\shopper.yaml --run-id=MultiShopper3",
        "mlagents_version": "0.27.0",
        "mlagents_envs_version": "0.27.0",
        "communication_protocol_version": "1.5.0",
        "pytorch_version": "1.7.0+cu110",
        "numpy_version": "1.21.1",
        "end_time_seconds": "1629780824"
    },
    "total": 1038.9419361,
    "count": 1,
    "self": 0.004630700000006982,
    "children": {
        "run_training.setup": {
            "total": 0.07310629999999996,
            "count": 1,
            "self": 0.07310629999999996
        },
        "TrainerController.start_learning": {
            "total": 1038.8641991,
            "count": 1,
            "self": 0.20766439999920294,
            "children": {
                "TrainerController._reset_env": {
                    "total": 6.1408955999999995,
                    "count": 1,
                    "self": 6.1408955999999995
                },
                "TrainerController.advance": {
                    "total": 1032.4376273000007,
                    "count": 11500,
                    "self": 0.2079023000046618,
                    "children": {
                        "env_step": {
                            "total": 180.23982879999517,
                            "count": 11500,
                            "self": 155.71062169999217,
                            "children": {
                                "SubprocessEnvManager._take_step": {
                                    "total": 24.40226880000452,
                                    "count": 11500,
                                    "self": 0.6691421000040663,
                                    "children": {
                                        "TorchPolicy.evaluate": {
                                            "total": 23.733126700000454,
                                            "count": 11337,
                                            "self": 11.15239700000626,
                                            "children": {
                                                "TorchPolicy.sample_actions": {
                                                    "total": 12.580729699994194,
                                                    "count": 11337,
                                                    "self": 12.580729699994194
                                                }
                                            }
                                        }
                                    }
                                },
                                "workers": {
                                    "total": 0.12693829999846074,
                                    "count": 11499,
                                    "self": 0.0,
                                    "children": {
                                        "worker_root": {
                                            "total": 1033.4335299999987,
                                            "count": 11499,
                                            "is_parallel": true,
                                            "self": 898.3042650000053,