{
    "name": "root",
    "gauges": {
        "Shopping.Policy.Entropy.mean": {
            "value": 1.5990009307861328,
            "min": 1.5990009307861328,
            "max": 1.5990009307861328,
            "count": 1
        },
        "Shopping.Policy.Entropy.sum": {
            "value": 16373.76953125,
            "min": 16373.76953125,
            "max": 16373.76953125,
            "count": 1
        },
        "Shopping.Environment.EpisodeLength.mean": {
            "value": 58.84615384615385,
            "min": 58.84615384615385,
            "max": 58.84615384615385,
            "count": 1
        },
        "Shopping.Environment.EpisodeLength.sum": {
            "value": 1530.0,
            "min": 1530.0,
            "max": 1530.0,
            "count": 1
        },
        "Shopping.Step.mean": {
            "value": 9940.0,
            "min": 9940.0,
            "max": 9940.0,
            "count": 1
        },
        "Shopping.Step.sum": {
            "value": 9940.0,
            "min": 9940.0,
            "max": 9940.0,
            "count": 1
        },
        "Shopping.Policy.ExtrinsicValueEstimate.mean": {
            "value": -0.7400286197662354,
            "min": -0.7400286197662354,
            "max": -0.7400286197662354,
            "count": 1
        },
        "Shopping.Policy.ExtrinsicValueEstimate.sum": {
            "value": -129.5050048828125,
            "min": -129.5050048828125,
            "max": -129.5050048828125,
            "count": 1
        },
        "Shopping.Environment.CumulativeReward.mean": {
            "value": -3.058846165927557,
            "min": -3.058846165927557,
            "max": -3.058846165927557,
            "count": 1
        },
        "Shopping.Environment.CumulativeReward.sum": {
            "value": -79.53000031411648,
            "min": -79.53000031411648,
            "max": -79.53000031411648,
            "count": 1
        },
        "Shopping.Policy.ExtrinsicReward.mean": {
            "value": -3.058846165927557,
            "min": -3.058846165927557,
            "max": -3.058846165927557,
            "count": 1
        },
        "Shopping.Policy.ExtrinsicReward.sum": {
            "value": -79.53000031411648,
            "min": -79.53000031411648,
            "max": -79.53000031411648,
            "count": 1
        },
        "Shopping.Losses.PolicyLoss.mean": {
            "value": 0.2421430035090268,
            "min": 0.2421430035090268,
            "max": 0.2421430035090268,
            "count": 1
        },
        "Shopping.Losses.PolicyLoss.sum": {
            "value": 3.390002049126375,
            "min": 3.390002049126375,
            "max": 3.390002049126375,
            "count": 1
        },
        "Shopping.Losses.ValueLoss.mean": {
            "value": 0.6413116115699969,
            "min": 0.6413116115699969,
            "max": 0.6413116115699969,
            "count": 1
        },
        "Shopping.Losses.ValueLoss.sum": {
            "value": 8.978362561979957,
            "min": 8.978362561979957,
            "max": 8.978362561979957,
            "count": 1
        },
        "Shopping.Policy.LearningRate.mean": {
            "value": 0.0002965628582885714,
            "min": 0.0002965628582885714,
            "max": 0.0002965628582885714,
            "count": 1
        },
        "Shopping.Policy.LearningRate.sum": {
            "value": 0.004151880016039999,
            "min": 0.004151880016039999,
            "max": 0.004151880016039999,
            "count": 1
        },
        "Shopping.Policy.Epsilon.mean": {
            "value": 0.1988542857142857,
            "min": 0.1988542857142857,
            "max": 0.1988542857142857,
            "count": 1
        },
        "Shopping.Policy.Epsilon.sum": {
            "value": 2.78396,
            "min": 2.78396,
            "max": 2.78396,
            "count": 1
        },
        "Shopping.Policy.Beta.mean": {
            "value": 0.0004943860000000001,
            "min": 0.0004943860000000001,
            "max": 0.0004943860000000001,
            "count": 1
        },
        "Shopping.Policy.Beta.sum": {
            "value": 0.006921404000000001,
            "min": 0.006921404000000001,
            "max": 0.006921404000000001,
            "count": 1
        },
        "Shopping.IsTraining.mean": {
            "value": 1.0,
            "min": 1.0,
            "max": 1.0,
            "count": 1
        },
        "Shopping.IsTraining.sum": {
            "value": 1.0,
            "min": 1.0,
            "max": 1.0,
            "count": 1
        }
    },
    "metadata": {
        "timer_format_version": "0.1.0",
        "start_time_seconds": "1629779678",
        "python_version": "3.7.9 (tags/v3.7.9:13c94747c7, Aug 17 2020, 18:58:18) [MSC v.1900 64 bit (AMD64)]",
        "command_line_arguments": "C:\\Users\\stryk\\Desktop\\iSTAR\\ML-Agents\\venv\\Scripts\\mlagents-learn config\\shopper.yaml --run-id=MultiShopper2",
        "mlagents_version": "0.27.0",
        "mlagents_envs_version": "0.27.0",
        "communication_protocol_version": "1.5.0",
        "pytorch_version": "1.7.0+cu110",
        "numpy_version": "1.21.1",
        "end_time_seconds": "1629779720"
    },
    "total": 42.1274644,
    "count": 1,
    "self": 0.007497100000001922,
    "children": {
        "run_training.setup": {
            "total": 0.07073739999999995,
            "count": 1,
            "self": 0.07073739999999995
        },
        "TrainerController.start_learning": {
            "total": 42.0492299,
            "count": 1,
            "self": 0.007765799999958745,
            "children": {
                "TrainerController._reset_env": {
                    "total": 6.0993097,
                    "count": 1,
                    "self": 6.0993097
                },
                "TrainerController.advance": {
                    "total": 35.86469630000004,
                    "count": 414,
                    "self": 0.007495400000024688,
                    "children": {
                        "env_step": {
                            "total": 7.021627700000004,
                            "count": 414,
                            "self": 5.952079699999959,
                            "children": {
                                "SubprocessEnvManager._take_step": {
                                    "total": 1.0649939000000206,
                                    "count": 414,
                                    "self": 0.02304830000002145,
                                    "children": {
                                        "TorchPolicy.evaluate": {
                                            "total": 1.0419455999999991,
                                            "count": 387,
                                            "self": 0.39949240000005304,
                                            "children": {
                                                "TorchPolicy.sample_actions": {
                                                    "total": 0.6424531999999461,
                                                    "count": 387,
                                                    "self": 0.6424531999999461
                                                }
                                            }
                                        }
                                    }
                                },
                                "workers": {
                                    "total": 0.004554100000024874,
                                    "count": 413,
                                    "self": 0.0,
                                    "children": {
                                        "worker_root": {
                                            "total": 36.9533855,
                                            "count": 413,
                                            "is_parallel": true,
                                            "self": 31.7538213,