{
    "name": "root",
    "gauges": {
        "Shopping.Policy.Entropy.mean": {
            "value": 0.9674882888793945,
            "min": 0.9674882888793945,
            "max": 1.9160970449447632,
            "count": 6
        },
        "Shopping.Policy.Entropy.sum": {
            "value": 9752.2822265625,
            "min": 9752.2822265625,
            "max": 19774.12109375,
            "count": 6
        },
        "Shopping.Environment.EpisodeLength.mean": {
            "value": 185.9512195121951,
            "min": 18.49900596421471,
            "max": 185.9512195121951,
            "count": 6
        },
        "Shopping.Environment.EpisodeLength.sum": {
            "value": 7624.0,
            "min": 6873.0,
            "max": 9368.0,
            "count": 6
        },
        "Shopping.Step.mean": {
            "value": 59969.0,
            "min": 9984.0,
            "max": 59969.0,
            "count": 6
        },
        "Shopping.Step.sum": {
            "value": 59969.0,
            "min": 9984.0,
            "max": 59969.0,
            "count": 6
        },
        "Shopping.Policy.ExtrinsicValueEstimate.mean": {
            "value": -0.3712036609649658,
            "min": -0.8035460114479065,
            "max": -0.3712036609649658,
            "count": 6
        },
        "Shopping.Policy.ExtrinsicValueEstimate.sum": {
            "value": -67.93026733398438,
            "min": -439.5396728515625,
            "max": -67.93026733398438,
            "count": 6
        },
        "Shopping.Environment.CumulativeReward.mean": {
            "value": -0.983333330424059,
            "min": -0.983333330424059,
            "max": -0.9499999968950967,
            "count": 6
        },
        "Shopping.Environment.CumulativeReward.sum": {
            "value": -41.29999987781048,
            "min": -476.89999844133854,
            "max": -41.29999987781048,
            "count": 6
        },
        "Shopping.Policy.ExtrinsicReward.mean": {
            "value": -0.983333330424059,
            "min": -0.983333330424059,
            "max": -0.9499999968950967,
            "count": 6
        },
        "Shopping.Policy.ExtrinsicReward.sum": {
            "value": -41.29999987781048,
            "min": -476.89999844133854,
            "max": -41.29999987781048,
            "count": 6
        },
        "Shopping.Losses.PolicyLoss.mean": {
            "value": 0.24292183296567582,
            "min": 0.2403032373881136,
            "max": 0.2461721512251246,
            "count": 6
        },
        "Shopping.Losses.PolicyLoss.sum": {
            "value": 17.733293806494334,
            "min": 17.558107203928117,
            "max": 19.704865465825314,
            "count": 6
        },
        "Shopping.Losses.ValueLoss.mean": {
            "value": 0.010551555233949178,
            "min": 0.010551555233949178,
            "max": 0.038560623032009474,
            "count": 6
        },
        "Shopping.Losses.ValueLoss.sum": {
            "value": 0.77026353207829,
            "min": 0.77026353207829,
            "max": 3.1619710886247767,
            "count": 6
        },
        "Shopping.Policy.LearningRate.mean": {
            "value": 0.00026697600278882466,
            "min": 0.00026697600278882466,
            "max": 0.0002969397741908073,
            "count": 6
        },
        "Shopping.Policy.LearningRate.sum": {
            "value": 0.0194892482035842,
            "min": 0.0194892482035842,
            "max": 0.024349061483646198,
            "count": 6
        },
        "Shopping.Policy.Epsilon.mean": {
            "value": 0.188991997260274,
            "min": 0.188991997260274,
            "max": 0.19897992439024392,
            "count": 6
        },
        "Shopping.Policy.Epsilon.sum": {
            "value": 13.796415800000002,
            "min": 13.796415800000002,
            "max": 16.3163538,
            "count": 6
        },
        "Shopping.Policy.Beta.mean": {
            "value": 0.0004460607865753425,
            "min": 0.0004460607865753425,
            "max": 0.000495001629512195,
            "count": 6
        },
        "Shopping.Policy.Beta.sum": {
            "value": 0.03256243742,
            "min": 0.03256243742,
            "max": 0.04059013361999999,
            "count": 6
        },
        "Shopping.IsTraining.mean": {
            "value": 1.0,
            "min": 1.0,
            "max": 1.0,
            "count": 6
        },
        "Shopping.IsTraining.sum": {
            "value": 1.0,
            "min": 1.0,
            "max": 1.0,
            "count": 6
        }
    },
    "metadata": {
        "timer_format_version": "0.1.0",
        "start_time_seconds": "1629755462",
        "python_version": "3.7.9 (tags/v3.7.9:13c94747c7, Aug 17 2020, 18:58:18) [MSC v.1900 64 bit (AMD64)]",
        "command_line_arguments": "C:\\Users\\stryk\\Desktop\\iSTAR\\ML-Agents\\venv\\Scripts\\mlagents-learn config\\shopper.yaml --run-id=SingleObstacleShopper5",
        "mlagents_version": "0.27.0",
        "mlagents_envs_version": "0.27.0",
        "communication_protocol_version": "1.5.0",
        "pytorch_version": "1.7.0+cu110",
        "numpy_version": "1.21.1",
        "end_time_seconds": "1629755617"
    },
    "total": 154.6183149,
    "count": 1,
    "self": 0.004358899999999721,
    "children": {
        "run_training.setup": {
            "total": 0.07304889999999997,
            "count": 1,
            "self": 0.07304889999999997
        },
        "TrainerController.start_learning": {
            "total": 154.5409071,
            "count": 1,
            "self": 0.07677279999990105,
            "children": {
                "TrainerController._reset_env": {
                    "total": 5.3602576,
                    "count": 1,
                    "self": 5.3602576
                },
                "TrainerController.advance": {
                    "total": 149.0355557000001,
                    "count": 4121,
                    "self": 0.07377680000030296,
                    "children": {
                        "env_step": {
                            "total": 35.81328639999974,
                            "count": 4121,
                            "self": 29.523265700000394,
                            "children": {
                                "SubprocessEnvManager._take_step": {
                                    "total": 6.2467582999999225,
                                    "count": 4121,
                                    "self": 0.1657821000005093,
                                    "children": {
                                        "TorchPolicy.evaluate": {
                                            "total": 6.080976199999413,
                                            "count": 3157,
                                            "self": 2.5217420999994173,
                                            "children": {
                                                "TorchPolicy.sample_actions": {
                                                    "total": 3.559234099999996,
                                                    "count": 3157,
                                                    "self": 3.559234099999996
                                                }
                                            }
                                        }
                                    }
                                },
                                "workers": {
                                    "total": 0.04326239999942505,
                                    "count": 4120,
                                    "self": 0.0,
                                    "children": {
                                        "worker_root": {
                                            "total": 150.12206210000033,
                                            "count": 4120,
                                            "is_parallel": true,