{
    "name": "root",
    "metadata": {
        "timer_format_version": "0.1.0",
        "start_time_seconds": "1629750474",
        "python_version": "3.7.9 (tags/v3.7.9:13c94747c7, Aug 17 2020, 18:58:18) [MSC v.1900 64 bit (AMD64)]",
        "command_line_arguments": "C:\\Users\\stryk\\Desktop\\iSTAR\\ML-Agents\\venv\\Scripts\\mlagents-learn --run-id=SingleShopper2",
        "mlagents_version": "0.27.0",
        "mlagents_envs_version": "0.27.0",
        "communication_protocol_version": "1.5.0",
        "pytorch_version": "1.7.0+cu110",
        "numpy_version": "1.21.1",
        "end_time_seconds": "1629750592"
    },
    "total": 118.356225,
    "count": 1,
    "self": 0.011015699999987305,
    "children": {
        "run_training.setup": {
            "total": 0.07067750000000006,
            "count": 1,
            "self": 0.07067750000000006
        },
        "TrainerController.start_learning": {
            "total": 118.2745318,
            "count": 1,
            "self": 0.2741695999999365,
            "children": {
                "TrainerController._reset_env": {
                    "total": 6.934306599999999,
                    "count": 1,
                    "self": 6.934306599999999
                },
                "TrainerController.advance": {
                    "total": 110.96709160000006,
                    "count": 16253,
                    "self": 0.2818223999998821,
                    "children": {
                        "env_step": {
                            "total": 107.46413260000068,
                            "count": 16253,
                            "self": 76.27594910000069,
                            "children": {
                                "SubprocessEnvManager._take_step": {
                                    "total": 31.02246799999945,
                                    "count": 16253,
                                    "self": 0.6602311999988508,
                                    "children": {
                                        "TorchPolicy.evaluate": {
                                            "total": 30.3622368000006,
                                            "count": 16107,
                                            "self": 12.659696100001817,
                                            "children": {
                                                "TorchPolicy.sample_actions": {
                                                    "total": 17.70254069999878,
                                                    "count": 16107,
                                                    "self": 17.70254069999878
                                                }
                                            }
                                        }
                                    }
                                },
                                "workers": {
                                    "total": 0.1657155000005428,
                                    "count": 16252,
                                    "self": 0.0,
                                    "children": {
                                        "worker_root": {
                                            "total": 113.210291599999,
                                            "count": 16252,
                                            "is_parallel": true,
                                            "self": 48.07295159999906,
                                            "children": {
                                                "steps_from_proto": {
                                                    "total": 0.0003855000000001496,
                                                    "count": 1,
                                                    "is_parallel": true,
                                                    "self": 0.00017939999999949663,
                                                    "children": {
                                                        "_process_rank_one_or_two_observation": {
                                                            "total": 0.00020610000000065298,
                                                            "count": 4,
                                                            "is_parallel": true,
                                                            "self": 0.00020610000000065298
                                                        }
                                                    }
                                                },
                                                "UnityEnvironment.step": {
                                                    "total": 65.13695449999994,
                                                    "count": 16252,
                                                    "is_parallel": true,
                                                    "self": 1.1232257000029477,
                                                    "children": {
                                                        "UnityEnvironment._generate_step_input": {
                                                            "total": 0.763153699998596,
                                                            "count": 16252,
                                                            "is_parallel": true,
                                                            "self": 0.763153699998596
                                                        },
                                                        "communicator.exchange": {
                                                            "total": 58.78074559999823,
                                                            "count": 16252,
                                                            "is_parallel": true,
                                                            "self": 58.78074559999823
                                                        },
                                                        "steps_from_proto": {
                                                            "total": 4.469829500000176,
                                                            "count": 16252,
                                                            "is_parallel": true,
                                                            "self": 2.4644942000002654,
                                                            "children": {
                                                                "_process_rank_one_or_two_observation": {
                                                                    "total": 2.005335299999911,
                                                                    "count": 65008,
                                                                    "is_parallel": true,
                                                                    "self": 2.005335299999911
                                                                }
                                                            }
                                                        }
                                                    }
                                                }
                                            }
                                        }
                                    }
                                }
                            }
                        },
                        "trainer_advance": {
                            "total": 3.221136599999495,
                            "count": 16252,
                            "self": 0.3357226999988381,
                            "children": {
                                "process_trajectory": {
                                    "total": 1.313795900000656,
                                    "count": 16252,
                                    "self": 1.313795900000656
                                },