{
    "name": "root",
    "metadata": {
        "timer_format_version": "0.1.0",
        "start_time_seconds": "1629667627",
        "python_version": "3.7.9 (tags/v3.7.9:13c94747c7, Aug 17 2020, 18:58:18) [MSC v.1900 64 bit (AMD64)]",
        "command_line_arguments": "C:\\Users\\stryk\\Desktop\\iSTAR\\ML-Agents\\venv\\Scripts\\mlagents-learn config\\moveToGoal.yaml --run-id=TestParameters2",
        "mlagents_version": "0.27.0",
        "mlagents_envs_version": "0.27.0",
        "communication_protocol_version": "1.5.0",
        "pytorch_version": "1.7.0+cu110",
        "numpy_version": "1.21.1",
        "end_time_seconds": "1629667678"
    },
    "total": 50.6089656,
    "count": 1,
    "self": 0.004449600000000942,
    "children": {
        "run_training.setup": {
            "total": 0.07160739999999999,
            "count": 1,
            "self": 0.07160739999999999
        },
        "TrainerController.start_learning": {
            "total": 50.5329086,
            "count": 1,
            "self": 0.10313810000003087,
            "children": {
                "TrainerController._reset_env": {
                    "total": 6.8744917,
                    "count": 1,
                    "self": 6.8744917
                },
                "TrainerController.advance": {
                    "total": 43.489601499999964,
                    "count": 6408,
                    "self": 0.10482919999972751,
                    "children": {
                        "env_step": {
                            "total": 32.41147800000035,
                            "count": 6408,
                            "self": 24.193507700000588,
                            "children": {
                                "SubprocessEnvManager._take_step": {
                                    "total": 8.154281799999804,
                                    "count": 6408,
                                    "self": 0.27317109999986666,
                                    "children": {
                                        "TorchPolicy.evaluate": {
                                            "total": 7.881110699999938,
                                            "count": 6177,
                                            "self": 3.353729699999887,
                                            "children": {
                                                "TorchPolicy.sample_actions": {
                                                    "total": 4.527381000000051,
                                                    "count": 6177,
                                                    "self": 4.527381000000051
                                                }
                                            }
                                        }
                                    }
                                },
                                "workers": {
                                    "total": 0.06368849999995696,
                                    "count": 6407,
                                    "self": 0.0,
                                    "children": {
                                        "worker_root": {
                                            "total": 44.598510999999974,
                                            "count": 6407,
                                            "is_parallel": true,
                                            "self": 24.53796790000032,
                                            "children": {
                                                "steps_from_proto": {
                                                    "total": 0.0003482000000003538,
                                                    "count": 1,
                                                    "is_parallel": true,
                                                    "self": 0.00015769999999992734,
                                                    "children": {
                                                        "_process_rank_one_or_two_observation": {
                                                            "total": 0.00019050000000042644,
                                                            "count": 2,
                                                            "is_parallel": true,
                                                            "self": 0.00019050000000042644
                                                        }
                                                    }
                                                },
                                                "UnityEnvironment.step": {
                                                    "total": 20.06019489999965,
                                                    "count": 6407,
                                                    "is_parallel": true,
                                                    "self": 0.38321530000015613,
                                                    "children": {
                                                        "UnityEnvironment._generate_step_input": {
                                                            "total": 0.28517669999974693,
                                                            "count": 6407,
                                                            "is_parallel": true,
                                                            "self": 0.28517669999974693
                                                        },
                                                        "communicator.exchange": {
                                                            "total": 18.416208999999935,
                                                            "count": 6407,
                                                            "is_parallel": true,
                                                            "self": 18.416208999999935
                                                        },
                                                        "steps_from_proto": {
                                                            "total": 0.9755938999998106,
                                                            "count": 6407,
                                                            "is_parallel": true,
                                                            "self": 0.5509283000000211,
                                                            "children": {
                                                                "_process_rank_one_or_two_observation": {
                                                                    "total": 0.4246655999997895,
                                                                    "count": 12814,
                                                                    "is_parallel": true,
                                                                    "self": 0.4246655999997895
                                                                }
                                                            }
                                                        }
                                                    }
                                                }
                                            }
                                        }
                                    }
                                }
                            }
                        },
                        "trainer_advance": {
                            "total": 10.973294299999884,
                            "count": 6407,
                            "self": 0.13199530000012238,
                            "children": {
                                "process_trajectory": {
                                    "total": 0.72328629999976,
                                    "count": 6407,
                                    "self": 0.72328629999976
                                },