{
    "name": "root",
    "gauges": {
        "Shopping.Policy.Entropy.mean": {
            "value": 1.529084324836731,
            "min": 1.529084324836731,
            "max": 1.5854965448379517,
            "count": 2
        },
        "Shopping.Policy.Entropy.sum": {
            "value": 14923.86328125,
            "min": 14923.86328125,
            "max": 16235.484375,
            "count": 2
        },
        "Shopping.Step.mean": {
            "value": 19960.0,
            "min": 9984.0,
            "max": 19960.0,
            "count": 2
        },
        "Shopping.Step.sum": {
            "value": 19960.0,
            "min": 9984.0,
            "max": 19960.0,
            "count": 2
        },
        "Shopping.Policy.ExtrinsicValueEstimate.mean": {
            "value": -0.09630727767944336,
            "min": -0.09630727767944336,
            "max": -0.035354867577552795,
            "count": 2
        },
        "Shopping.Policy.ExtrinsicValueEstimate.sum": {
            "value": -15.698086738586426,
            "min": -15.698086738586426,
            "max": -5.515359401702881,
            "count": 2
        },
        "Shopping.Losses.PolicyLoss.mean": {
            "value": 0.24889137763738253,
            "min": 0.24542416717522317,
            "max": 0.24889137763738253,
            "count": 2
        },
        "Shopping.Losses.PolicyLoss.sum": {
            "value": 1.9911310210990603,
            "min": 1.7179691702265623,
            "max": 1.9911310210990603,
            "count": 2
        },
        "Shopping.Losses.ValueLoss.mean": {
            "value": 0.00022634617339534202,
            "min": 0.00022634617339534202,
            "max": 0.00818720161728812,
            "count": 2
        },
        "Shopping.Losses.ValueLoss.sum": {
            "value": 0.0018107693871627362,
            "min": 0.0018107693871627362,
            "max": 0.057310411321016844,
            "count": 2
        },
        "Shopping.Policy.LearningRate.mean": {
            "value": 0.000291168002944,
            "min": 0.000291168002944,
            "max": 0.00029692800102399996,
            "count": 2
        },
        "Shopping.Policy.LearningRate.sum": {
            "value": 0.002329344023552,
            "min": 0.0020784960071679997,
            "max": 0.002329344023552,
            "count": 2
        },
        "Shopping.Policy.Epsilon.mean": {
            "value": 0.197056,
            "min": 0.197056,
            "max": 0.19897600000000001,
            "count": 2
        },
        "Shopping.Policy.Epsilon.sum": {
            "value": 1.576448,
            "min": 1.392832,
            "max": 1.576448,
            "count": 2
        },
        "Shopping.Policy.Beta.mean": {
            "value": 0.00048557440000000004,
            "min": 0.00048557440000000004,
            "max": 0.0004949824,
            "count": 2
        },
        "Shopping.Policy.Beta.sum": {
            "value": 0.0038845952000000003,
            "min": 0.0034648768,
            "max": 0.0038845952000000003,
            "count": 2
        },
        "Shopping.IsTraining.mean": {
            "value": 1.0,
            "min": 1.0,
            "max": 1.0,
            "count": 2
        },
        "Shopping.IsTraining.sum": {
            "value": 1.0,
            "min": 1.0,
            "max": 1.0,
            "count": 2
        },
        "Shopping.Environment.EpisodeLength.mean": {
            "value": 999.0,
            "min": 999.0,
            "max": 999.0,
            "count": 1
        },
        "Shopping.Environment.EpisodeLength.sum": {
            "value": 19980.0,
            "min": 19980.0,
            "max": 19980.0,
            "count": 1
        },
        "Shopping.Environment.CumulativeReward.mean": {
            "value": -1.0000000447034836,
            "min": -1.0000000447034836,
            "max": -1.0000000447034836,
            "count": 1
        },
        "Shopping.Environment.CumulativeReward.sum": {
            "value": -19.000000849366188,
            "min": -19.000000849366188,
            "max": -19.000000849366188,
            "count": 1
        },
        "Shopping.Policy.ExtrinsicReward.mean": {
            "value": -1.0000000447034836,
            "min": -1.0000000447034836,
            "max": -1.0000000447034836,
            "count": 1
        },
        "Shopping.Policy.ExtrinsicReward.sum": {
            "value": -19.000000849366188,
            "min": -19.000000849366188,
            "max": -19.000000849366188,
            "count": 1
        }
    },
    "metadata": {
        "timer_format_version": "0.1.0",
        "start_time_seconds": "1629770869",
        "python_version": "3.7.9 (tags/v3.7.9:13c94747c7, Aug 17 2020, 18:58:18) [MSC v.1900 64 bit (AMD64)]",
        "command_line_arguments": "C:\\Users\\stryk\\Desktop\\iSTAR\\ML-Agents\\venv\\Scripts\\mlagents-learn config\\shopper.yaml --run-id=SingleObstacleShopper19",
        "mlagents_version": "0.27.0",
        "mlagents_envs_version": "0.27.0",
        "communication_protocol_version": "1.5.0",
        "pytorch_version": "1.7.0+cu110",
        "numpy_version": "1.21.1",
        "end_time_seconds": "1629770944"
    },
    "total": 75.0727808,
    "count": 1,
    "self": 0.004499199999997927,
    "children": {
        "run_training.setup": {
            "total": 0.06922119999999998,
            "count": 1,
            "self": 0.06922119999999998
        },
        "TrainerController.start_learning": {
            "total": 74.9990604,
            "count": 1,
            "self": 0.02362519999994106,
            "children": {
                "TrainerController._reset_env": {
                    "total": 6.5990678,
                    "count": 1,
                    "self": 6.5990678
                },
                "TrainerController.advance": {
                    "total": 68.30601370000007,
                    "count": 1394,
                    "self": 0.02498359999992772,
                    "children": {
                        "env_step": {
                            "total": 16.38040499999994,
                            "count": 1394,
                            "self": 13.178373200000074,
                            "children": {
                                "SubprocessEnvManager._take_step": {
                                    "total": 3.1867506999999264,
                                    "count": 1394,
                                    "self": 0.07140259999989418,
                                    "children": {
                                        "TorchPolicy.evaluate": {
                                            "total": 3.1153481000000323,
                                            "count": 1394,
                                            "self": 1.3786193000002038,
                                            "children": {
                                                "TorchPolicy.sample_actions": {
                                                    "total": 1.7367287999998284,
                                                    "count": 1394,
                                                    "self": 1.7367287999998284
                                                }
                                            }
                                        }
                                    }
                                },
                                "workers": {
                                    "total": 0.015281099999937986,
                                    "count": 1393,
                                    "self": 0.0,
                                    "children": {
                                        "worker_root": {
                                            "total": 69.45380680000014,
                                            "count": 1393,
                                            "is_parallel": true,
                                            "self": 58.0043684000002,