Shopping Time:, Collision Count:
117.66847,8
123.46847,9
119.80184,9
122.28185,5
137.66159,5
143.66183,9
147.82184,6
168.44183,4
163.66159,6
195.88847,23
80.800003,5
200.2816,13
77.919998,3
103.09999,5
227.88184,30
83.440002,5
131.3,6
80.179993,4
162.01999,12
78.5,9
75.560013,2
138.94002,9
142.68001,11
87.740005,3
61.899994,0
129.81998,5
92.980011,0
138.98,7
93.640015,5
144.67999,18
135.85999,9
151.76001,10
69,2
137.67999,7
108.79999,0
110.73999,3
91.279999,4
80.5,8
153.12,5
162.31998,12
182.72,14
119.63995,7
215.64001,17
58.5,0
96.339996,3
91.899994,7
112.68002,1
101.80002,10
158.80002,11
88,1
41.440002,3