{
    "name": "root",
    "gauges": {
        "MoveToGoal.Policy.Entropy.mean": {
            "value": 1.4063431024551392,
            "min": 1.4063431024551392,
            "max": 1.4168529510498047,
            "count": 2
        },
        "MoveToGoal.Policy.Entropy.sum": {
            "value": 69726.4921875,
            "min": 69726.4921875,
            "max": 71607.75,
            "count": 2
        },
        "MoveToGoal.Step.mean": {
            "value": 99986.0,
            "min": 49982.0,
            "max": 99986.0,
            "count": 2
        },
        "MoveToGoal.Step.sum": {
            "value": 99986.0,
            "min": 49982.0,
            "max": 99986.0,
            "count": 2
        },
        "MoveToGoal.Policy.ExtrinsicValueEstimate.mean": {
            "value": 0.806041955947876,
            "min": -0.10546284168958664,
            "max": 0.806041955947876,
            "count": 2
        },
        "MoveToGoal.Policy.ExtrinsicValueEstimate.sum": {
            "value": 1983.669189453125,
            "min": -115.4818115234375,
            "max": 1983.669189453125,
            "count": 2
        },
        "MoveToGoal.Environment.EpisodeLength.mean": {
            "value": 19.35926680244399,
            "min": 19.35926680244399,
            "max": 79.16185897435898,
            "count": 2
        },
        "MoveToGoal.Environment.EpisodeLength.sum": {
            "value": 47527.0,
            "min": 47527.0,
            "max": 49397.0,
            "count": 2
        },
        "MoveToGoal.Environment.CumulativeReward.mean": {
            "value": 0.9975560081466395,
            "min": 0.723916532905297,
            "max": 0.9975560081466395,
            "count": 2
        },
        "MoveToGoal.Environment.CumulativeReward.sum": {
            "value": 2449.0,
            "min": 451.0,
            "max": 2449.0,
            "count": 2
        },
        "MoveToGoal.Policy.ExtrinsicReward.mean": {
            "value": 0.9975560081466395,
            "min": 0.723916532905297,
            "max": 0.9975560081466395,
            "count": 2
        },
        "MoveToGoal.Policy.ExtrinsicReward.sum": {
            "value": 2449.0,
            "min": 451.0,
            "max": 2449.0,
            "count": 2
        },
        "MoveToGoal.Losses.PolicyLoss.mean": {
            "value": 0.026569932472581666,
            "min": 0.02639032219691823,
            "max": 0.026569932472581666,
            "count": 2
        },
        "MoveToGoal.Losses.PolicyLoss.sum": {
            "value": 0.13284966236290832,
            "min": 0.10556128878767292,
            "max": 0.13284966236290832,
            "count": 2
        },
        "MoveToGoal.Losses.ValueLoss.mean": {
            "value": 0.012724027270839242,
            "min": 0.012724027270839242,
            "max": 0.03479726064639787,
            "count": 2
        },
        "MoveToGoal.Losses.ValueLoss.sum": {
            "value": 0.06362013635419621,
            "min": 0.06362013635419621,
            "max": 0.13918904258559148,
            "count": 2
        },
        "MoveToGoal.Policy.LearningRate.mean": {
            "value": 0.00025685029438324,
            "min": 0.00025685029438324,
            "max": 0.0002845809051397,
            "count": 2
        },
        "MoveToGoal.Policy.LearningRate.sum": {
            "value": 0.0012842514719161998,
            "min": 0.0011383236205588,
            "max": 0.0012842514719161998,
            "count": 2
        },
        "MoveToGoal.Policy.Epsilon.mean": {
            "value": 0.18561676,
            "min": 0.18561676,
            "max": 0.19486030000000001,
            "count": 2
        },
        "MoveToGoal.Policy.Epsilon.sum": {
            "value": 0.9280838,
            "min": 0.7794412000000001,
            "max": 0.9280838,
            "count": 2
        },
        "MoveToGoal.Policy.Beta.mean": {
            "value": 0.004282276324,
            "min": 0.004282276324,
            "max": 0.004743528970000001,
            "count": 2
        },
        "MoveToGoal.Policy.Beta.sum": {
            "value": 0.021411381620000003,
            "min": 0.018974115880000003,
            "max": 0.021411381620000003,
            "count": 2
        },
        "MoveToGoal.IsTraining.mean": {
            "value": 1.0,
            "min": 1.0,
            "max": 1.0,
            "count": 2
        },
        "MoveToGoal.IsTraining.sum": {
            "value": 1.0,
            "min": 1.0,
            "max": 1.0,
            "count": 2
        }
    },
    "metadata": {
        "timer_format_version": "0.1.0",
        "start_time_seconds": "1629666526",
        "python_version": "3.7.9 (tags/v3.7.9:13c94747c7, Aug 17 2020, 18:58:18) [MSC v.1900 64 bit (AMD64)]",
        "command_line_arguments": "C:\\Users\\stryk\\Desktop\\iSTAR\\ML-Agents\\venv\\Scripts\\mlagents-learn --run-id=MoveToGoal2",
        "mlagents_version": "0.27.0",
        "mlagents_envs_version": "0.27.0",
        "communication_protocol_version": "1.5.0",
        "pytorch_version": "1.7.0+cu110",
        "numpy_version": "1.21.1",
        "end_time_seconds": "1629666594"
    },
    "total": 67.7443366,
    "count": 1,
    "self": 0.004673900000000231,
    "children": {
        "run_training.setup": {
            "total": 0.07061839999999997,
            "count": 1,
            "self": 0.07061839999999997
        },
        "TrainerController.start_learning": {
            "total": 67.6690443,
            "count": 1,
            "self": 0.13171750000019244,
            "children": {
                "TrainerController._reset_env": {
                    "total": 6.297161099999999,
                    "count": 1,
                    "self": 6.297161099999999
                },
                "TrainerController.advance": {
                    "total": 61.17570259999979,
                    "count": 7502,
                    "self": 0.1330122999993577,
                    "children": {
                        "env_step": {
                            "total": 38.957180600000356,
                            "count": 7502,
                            "self": 32.18325400000033,
                            "children": {
                                "SubprocessEnvManager._take_step": {
                                    "total": 6.694185299999976,
                                    "count": 7502,
                                    "self": 0.28828229999986643,
                                    "children": {
                                        "TorchPolicy.evaluate": {
                                            "total": 6.40590300000011,
                                            "count": 5144,
                                            "self": 2.6219323000002603,
                                            "children": {
                                                "TorchPolicy.sample_actions": {
                                                    "total": 3.7839706999998493,
                                                    "count": 5144,
                                                    "self": 3.7839706999998493
                                                }
                                            }
                                        }
                                    }
                                },
                                "workers": {
                                    "total": 0.07974130000004642,
                                    "count": 7501,
                                    "self": 0.0,
                                    "children": {
                                        "worker_root": {
                                            "total": 62.3099527000002,
                                            "count": 7501,
                                            "is_parallel": true,
                                            "self": 37.42388600000006,