{
    "name": "root",
    "gauges": {
        "Shopping.Policy.Entropy.mean": {
            "value": 0.1956612467765808,
            "min": 0.18971559405326843,
            "max": 1.5868984460830688,
            "count": 50
        },
        "Shopping.Policy.Entropy.sum": {
            "value": 1991.83154296875,
            "min": 1888.63427734375,
            "max": 16249.83984375,
            "count": 50
        },
        "Shopping.Environment.EpisodeLength.mean": {
            "value": 34.7508896797153,
            "min": 31.39087947882736,
            "max": 902.0909090909091,
            "count": 50
        },
        "Shopping.Environment.EpisodeLength.sum": {
            "value": 9765.0,
            "min": 1231.0,
            "max": 15263.0,
            "count": 50
        },
        "Shopping.Step.mean": {
            "value": 499992.0,
            "min": 9941.0,
            "max": 499992.0,
            "count": 50
        },
        "Shopping.Step.sum": {
            "value": 499992.0,
            "min": 9941.0,
            "max": 499992.0,
            "count": 50
        },
        "Shopping.Policy.ExtrinsicValueEstimate.mean": {
            "value": 1.6449508666992188,
            "min": -0.04993870481848717,
            "max": 1.668102502822876,
            "count": 50
        },
        "Shopping.Policy.ExtrinsicValueEstimate.sum": {
            "value": 496.775146484375,
            "min": -8.040131568908691,
            "max": 538.797119140625,
            "count": 50
        },
        "Shopping.Environment.CumulativeReward.mean": {
            "value": 1.9652056712260906,
            "min": -0.5390727692707018,
            "max": 1.9686872955011234,
            "count": 50
        },
        "Shopping.Environment.CumulativeReward.sum": {
            "value": 554.1879992857575,
            "min": -5.92980046197772,
            "max": 604.3869997188449,
            "count": 50
        },
        "Shopping.Policy.ExtrinsicReward.mean": {
            "value": 1.9652056712260906,
            "min": -0.5390727692707018,
            "max": 1.9686872955011234,
            "count": 50
        },
        "Shopping.Policy.ExtrinsicReward.sum": {
            "value": 554.1879992857575,
            "min": -5.92980046197772,
            "max": 604.3869997188449,
            "count": 50
        },
        "Shopping.Losses.PolicyLoss.mean": {
            "value": 0.24566441158786656,
            "min": 0.23707000965100755,
            "max": 0.2582591522278614,
            "count": 50
        },
        "Shopping.Losses.PolicyLoss.sum": {
            "value": 19.407488515441457,
            "min": 3.8728388499341566,
            "max": 20.298846497665814,
            "count": 50
        },
        "Shopping.Losses.ValueLoss.mean": {
            "value": 0.03209640299218298,
            "min": 0.009679577252522175,
            "max": 0.09353433381992673,
            "count": 50
        },
        "Shopping.Losses.ValueLoss.sum": {
            "value": 2.5356158363824552,
            "min": 0.6388520986664635,
            "max": 6.921540702674578,
            "count": 50
        },
        "Shopping.Policy.LearningRate.mean": {
            "value": 2.947185093587339e-06,
            "min": 2.947185093587339e-06,
            "max": 0.000296519476160175,
            "count": 50
        },
        "Shopping.Policy.LearningRate.sum": {
            "value": 0.00023282762239339977,
            "min": 0.00023282762239339977,
            "max": 0.019752252815915996,
            "count": 50
        },
        "Shopping.Policy.Epsilon.mean": {
            "value": 0.10098236202531648,
            "min": 0.10098236202531648,
            "max": 0.19883982500000003,
            "count": 50
        },
        "Shopping.Policy.Epsilon.sum": {
            "value": 7.977606600000001,
            "min": 3.1814372000000004,
            "max": 13.984084000000001,
            "count": 50
        },
        "Shopping.Policy.Beta.mean": {
            "value": 1.4813573924050627e-05,
            "min": 1.4813573924050627e-05,
            "max": 0.0004943151425,
            "count": 50
        },
        "Shopping.Policy.Beta.sum": {
            "value": 0.0011702723399999995,
            "min": 0.0011702723399999995,
            "max": 0.0330020116,
            "count": 50
        },
        "Shopping.IsTraining.mean": {
            "value": 1.0,
            "min": 1.0,
            "max": 1.0,
            "count": 50
        },
        "Shopping.IsTraining.sum": {
            "value": 1.0,
            "min": 1.0,
            "max": 1.0,
            "count": 50
        }
    },
    "metadata": {
        "timer_format_version": "0.1.0",
        "start_time_seconds": "1629771012",
        "python_version": "3.7.9 (tags/v3.7.9:13c94747c7, Aug 17 2020, 18:58:18) [MSC v.1900 64 bit (AMD64)]",
        "command_line_arguments": "C:\\Users\\stryk\\Desktop\\iSTAR\\ML-Agents\\venv\\Scripts\\mlagents-learn config\\shopper.yaml --run-id=SingleObstacleShopper20",
        "mlagents_version": "0.27.0",
        "mlagents_envs_version": "0.27.0",
        "communication_protocol_version": "1.5.0",
        "pytorch_version": "1.7.0+cu110",
        "numpy_version": "1.21.1",
        "end_time_seconds": "1629772249"
    },
    "total": 1237.1770189000001,
    "count": 1,
    "self": 0.0069951999998920655,
    "children": {
        "run_training.setup": {
            "total": 0.06623080000000003,
            "count": 1,
            "self": 0.06623080000000003
        },
        "TrainerController.start_learning": {
            "total": 1237.1037929000001,
            "count": 1,
            "self": 0.601181700012603,
            "children": {
                "TrainerController._reset_env": {
                    "total": 5.924998799999999,
                    "count": 1,
                    "self": 5.924998799999999
                },
                "TrainerController.advance": {
                    "total": 1230.5325834999878,
                    "count": 32300,
                    "self": 0.5897178999946391,
                    "children": {
                        "env_step": {
                            "total": 296.4627900999957,
                            "count": 32300,
                            "self": 244.9705585000048,
                            "children": {
                                "SubprocessEnvManager._take_step": {
                                    "total": 51.154773099986166,
                                    "count": 32300,
                                    "self": 1.2865051999857897,
                                    "children": {
                                        "TorchPolicy.evaluate": {
                                            "total": 49.868267900000376,
                                            "count": 25030,
                                            "self": 23.209163200007144,
                                            "children": {
                                                "TorchPolicy.sample_actions": {
                                                    "total": 26.659104699993232,
                                                    "count": 25030,
                                                    "self": 26.659104699993232
                                                }
                                            }
                                        }
                                    }
                                },
                                "workers": {
                                    "total": 0.337458500004705,
                                    "count": 32300,
                                    "self": 0.0,
                                    "children": {
                                        "worker_root": {
                                            "total": 1231.4794167000218,
                                            "count": 32300,