{
    "name": "root",
    "gauges": {
        "Shopping.Policy.Entropy.mean": {
            "value": 1.7670438289642334,
            "min": 1.7670438289642334,
            "max": 1.916664719581604,
            "count": 3
        },
        "Shopping.Policy.Entropy.sum": {
            "value": 17776.4609375,
            "min": 17776.4609375,
            "max": 20278.3125,
            "count": 3
        },
        "Shopping.Environment.EpisodeLength.mean": {
            "value": 62.12413793103448,
            "min": 41.75935828877005,
            "max": 62.12413793103448,
            "count": 3
        },
        "Shopping.Environment.EpisodeLength.sum": {
            "value": 9008.0,
            "min": 7809.0,
            "max": 10739.0,
            "count": 3
        },
        "Shopping.Step.mean": {
            "value": 29957.0,
            "min": 9980.0,
            "max": 29957.0,
            "count": 3
        },
        "Shopping.Step.sum": {
            "value": 29957.0,
            "min": 9980.0,
            "max": 29957.0,
            "count": 3
        },
        "Shopping.Policy.ExtrinsicValueEstimate.mean": {
            "value": -0.147078737616539,
            "min": -0.6101889610290527,
            "max": -0.147078737616539,
            "count": 3
        },
        "Shopping.Policy.ExtrinsicValueEstimate.sum": {
            "value": -38.09339141845703,
            "min": -181.8363037109375,
            "max": -38.09339141845703,
            "count": 3
        },
        "Shopping.Environment.CumulativeReward.mean": {
            "value": -0.3503558636932024,
            "min": -0.9227903707620294,
            "max": -0.3503558636932024,
            "count": 3
        },
        "Shopping.Environment.CumulativeReward.sum": {
            "value": -50.80160023551434,
            "min": -172.5617993324995,
            "max": -50.80160023551434,
            "count": 3
        },
        "Shopping.Policy.ExtrinsicReward.mean": {
            "value": -0.3503558636932024,
            "min": -0.9227903707620294,
            "max": -0.3503558636932024,
            "count": 3
        },
        "Shopping.Policy.ExtrinsicReward.sum": {
            "value": -50.80160023551434,
            "min": -172.5617993324995,
            "max": -50.80160023551434,
            "count": 3
        },
        "Shopping.Losses.PolicyLoss.mean": {
            "value": 0.2396796440243912,
            "min": 0.2396796440243912,
            "max": 0.24307696224757858,
            "count": 3
        },
        "Shopping.Losses.PolicyLoss.sum": {
            "value": 17.256934369756166,
            "min": 15.255904738570427,
            "max": 18.230772168568393,
            "count": 3
        },
        "Shopping.Losses.ValueLoss.mean": {
            "value": 0.1497640181101717,
            "min": 0.043275528587694276,
            "max": 0.1900574698977748,
            "count": 3
        },
        "Shopping.Losses.ValueLoss.sum": {
            "value": 10.783009303932362,
            "min": 2.726358301024739,
            "max": 14.25431024233311,
            "count": 3
        },
        "Shopping.Policy.LearningRate.mean": {
            "value": 0.0002850085633304805,
            "min": 0.0002850085633304805,
            "max": 0.0002966764487268984,
            "count": 3
        },
        "Shopping.Policy.LearningRate.sum": {
            "value": 0.020520616559794598,
            "min": 0.0186906162697946,
            "max": 0.0218227124257626,
            "count": 3
        },
        "Shopping.Policy.Epsilon.mean": {
            "value": 0.1950028527777778,
            "min": 0.1950028527777778,
            "max": 0.19889214920634918,
            "count": 3
        },
        "Shopping.Policy.Epsilon.sum": {
            "value": 14.040205400000001,
            "min": 12.530205399999998,
            "max": 14.774237399999999,
            "count": 3
        },
        "Shopping.Policy.Beta.mean": {
            "value": 0.0004755139786111111,
            "min": 0.0004755139786111111,
            "max": 0.0004945715311111111,
            "count": 3
        },
        "Shopping.Policy.Beta.sum": {
            "value": 0.03423700646,
            "min": 0.031158006460000002,
            "max": 0.03639376326,
            "count": 3
        },
        "Shopping.IsTraining.mean": {
            "value": 1.0,
            "min": 1.0,
            "max": 1.0,
            "count": 3
        },
        "Shopping.IsTraining.sum": {
            "value": 1.0,
            "min": 1.0,
            "max": 1.0,
            "count": 3
        }
    },
    "metadata": {
        "timer_format_version": "0.1.0",
        "start_time_seconds": "1629768138",
        "python_version": "3.7.9 (tags/v3.7.9:13c94747c7, Aug 17 2020, 18:58:18) [MSC v.1900 64 bit (AMD64)]",
        "command_line_arguments": "C:\\Users\\stryk\\Desktop\\iSTAR\\ML-Agents\\venv\\Scripts\\mlagents-learn config\\shopper.yaml --run-id=SingleObstacleShopper14",
        "mlagents_version": "0.27.0",
        "mlagents_envs_version": "0.27.0",
        "communication_protocol_version": "1.5.0",
        "pytorch_version": "1.7.0+cu110",
        "numpy_version": "1.21.1",
        "end_time_seconds": "1629768241"
    },
    "total": 103.4401952,
    "count": 1,
    "self": 0.0047248000000053025,
    "children": {
        "run_training.setup": {
            "total": 0.07002140000000001,
            "count": 1,
            "self": 0.07002140000000001
        },
        "TrainerController.start_learning": {
            "total": 103.365449,
            "count": 1,
            "self": 0.04737229999997794,
            "children": {
                "TrainerController._reset_env": {
                    "total": 5.759054,
                    "count": 1,
                    "self": 5.759054
                },
                "TrainerController.advance": {
                    "total": 97.465339,
                    "count": 2496,
                    "self": 0.04572229999968158,
                    "children": {
                        "env_step": {
                            "total": 25.246997599999823,
                            "count": 2496,
                            "self": 21.0864745999995,
                            "children": {
                                "SubprocessEnvManager._take_step": {
                                    "total": 4.134186200000432,
                                    "count": 2496,
                                    "self": 0.10432410000024017,
                                    "children": {
                                        "TorchPolicy.evaluate": {
                                            "total": 4.029862100000192,
                                            "count": 2021,
                                            "self": 1.650190100000196,
                                            "children": {
                                                "TorchPolicy.sample_actions": {
                                                    "total": 2.379671999999996,
                                                    "count": 2021,
                                                    "self": 2.379671999999996
                                                }
                                            }
                                        }
                                    }
                                },
                                "workers": {
                                    "total": 0.02633679999988825,
                                    "count": 2495,
                                    "self": 0.0,
                                    "children": {
                                        "worker_root": {
                                            "total": 98.47091819999996,
                                            "count": 2495,
                                            "is_parallel": true,
                                            "self": 80.26195720000018,