{
    "name": "root",
    "gauges": {
        "Shopping.Policy.Entropy.mean": {
            "value": 1.305875539779663,
            "min": 1.1101301908493042,
            "max": 1.9082059860229492,
            "count": 20
        },
        "Shopping.Policy.Entropy.sum": {
            "value": 13319.9306640625,
            "min": 11101.3017578125,
            "max": 19540.029296875,
            "count": 20
        },
        "Shopping.Step.mean": {
            "value": 199992.0,
            "min": 9965.0,
            "max": 199992.0,
            "count": 20
        },
        "Shopping.Step.sum": {
            "value": 199992.0,
            "min": 9965.0,
            "max": 199992.0,
            "count": 20
        },
        "Shopping.Policy.ExtrinsicValueEstimate.mean": {
            "value": 0.3070312738418579,
            "min": 0.011189634911715984,
            "max": 0.47901058197021484,
            "count": 20
        },
        "Shopping.Policy.ExtrinsicValueEstimate.sum": {
            "value": 49.432037353515625,
            "min": 1.7567726373672485,
            "max": 79.99476623535156,
            "count": 20
        },
        "Shopping.Losses.PolicyLoss.mean": {
            "value": 0.2494576176524418,
            "min": 0.23749435989793716,
            "max": 0.25460326177588866,
            "count": 20
        },
        "Shopping.Losses.PolicyLoss.sum": {
            "value": 17.960948470975808,
            "min": 2.2408526359052474,
            "max": 18.928679181676703,
            "count": 20
        },
        "Shopping.Losses.ValueLoss.mean": {
            "value": 0.03485639559111223,
            "min": 0.0029179725660763863,
            "max": 0.12068073771875792,
            "count": 20
        },
        "Shopping.Losses.ValueLoss.sum": {
            "value": 2.5096604825600806,
            "min": 0.1610443343535522,
            "max": 6.275398361375412,
            "count": 20
        },
        "Shopping.Policy.LearningRate.mean": {
            "value": 0.00018301469732844724,
            "min": 0.00018301469732844724,
            "max": 0.00029650880116373335,
            "count": 20
        },
        "Shopping.Policy.LearningRate.sum": {
            "value": 0.013177058207648201,
            "min": 0.0026685792104736003,
            "max": 0.019923022258992798,
            "count": 20
        },
        "Shopping.Policy.Epsilon.mean": {
            "value": 0.16100488611111113,
            "min": 0.16100488611111113,
            "max": 0.19883626666666668,
            "count": 20
        },
        "Shopping.Policy.Epsilon.sum": {
            "value": 11.592351800000001,
            "min": 1.7895264000000002,
            "max": 14.274546599999999,
            "count": 20
        },
        "Shopping.Policy.Beta.mean": {
            "value": 0.0003089239419444445,
            "min": 0.0003089239419444445,
            "max": 0.0004942977066666667,
            "count": 20
        },
        "Shopping.Policy.Beta.sum": {
            "value": 0.022242523820000002,
            "min": 0.00444867936,
            "max": 0.033270935280000004,
            "count": 20
        },
        "Shopping.Environment.EpisodeLength.mean": {
            "value": 1110.4285714285713,
            "min": 266.25,
            "max": 2486.5,
            "count": 20
        },
        "Shopping.Environment.EpisodeLength.sum": {
            "value": 7773.0,
            "min": 997.0,
            "max": 26905.0,
            "count": 20
        },
        "Shopping.Environment.CumulativeReward.mean": {
            "value": 2.7779142961704304,
            "min": 1.795689977647271,
            "max": 2.946750089060515,
            "count": 20
        },
        "Shopping.Environment.CumulativeReward.sum": {
            "value": 19.445400073193014,
            "min": 2.715199952945113,
            "max": 48.41560089122504,
            "count": 20
        },
        "Shopping.Policy.ExtrinsicReward.mean": {
            "value": 2.7779142961704304,
            "min": 1.795689977647271,
            "max": 2.946750089060515,
            "count": 20
        },
        "Shopping.Policy.ExtrinsicReward.sum": {
            "value": 19.445400073193014,
            "min": 2.715199952945113,
            "max": 48.41560089122504,
            "count": 20
        },
        "Shopping.IsTraining.mean": {
            "value": 1.0,
            "min": 1.0,
            "max": 1.0,
            "count": 20
        },
        "Shopping.IsTraining.sum": {
            "value": 1.0,
            "min": 1.0,
            "max": 1.0,
            "count": 20
        }
    },
    "metadata": {
        "timer_format_version": "0.1.0",
        "start_time_seconds": "1629768292",
        "python_version": "3.7.9 (tags/v3.7.9:13c94747c7, Aug 17 2020, 18:58:18) [MSC v.1900 64 bit (AMD64)]",
        "command_line_arguments": "C:\\Users\\stryk\\Desktop\\iSTAR\\ML-Agents\\venv\\Scripts\\mlagents-learn config\\shopper.yaml --run-id=SingleObstacleShopper15",
        "mlagents_version": "0.27.0",
        "mlagents_envs_version": "0.27.0",
        "communication_protocol_version": "1.5.0",
        "pytorch_version": "1.7.0+cu110",
        "numpy_version": "1.21.1",
        "end_time_seconds": "1629768775"
    },
    "total": 483.1488997,
    "count": 1,
    "self": 0.0046846000000186905,
    "children": {
        "run_training.setup": {
            "total": 0.06895669999999998,
            "count": 1,
            "self": 0.06895669999999998
        },
        "TrainerController.start_learning": {
            "total": 483.0752584,
            "count": 1,
            "self": 0.19629079999998567,
            "children": {
                "TrainerController._reset_env": {
                    "total": 6.6055257,
                    "count": 1,
                    "self": 6.6055257
                },
                "TrainerController.advance": {
                    "total": 476.1775317,
                    "count": 10401,
                    "self": 0.18897030000238146,
                    "children": {
                        "env_step": {
                            "total": 119.36611549999826,
                            "count": 10401,
                            "self": 99.38084479999932,
                            "children": {
                                "SubprocessEnvManager._take_step": {
                                    "total": 19.871002999997692,
                                    "count": 10401,
                                    "self": 0.5132562999992984,
                                    "children": {
                                        "TorchPolicy.evaluate": {
                                            "total": 19.357746699998394,
                                            "count": 10297,
                                            "self": 8.3358301999952,
                                            "children": {
                                                "TorchPolicy.sample_actions": {
                                                    "total": 11.021916500003194,
                                                    "count": 10297,
                                                    "self": 11.021916500003194
                                                }
                                            }
                                        }
                                    }
                                },
                                "workers": {
                                    "total": 0.11426770000124709,
                                    "count": 10400,
                                    "self": 0.0,
                                    "children": {
                                        "worker_root": {
                                            "total": 477.2677062000002,
                                            "count": 10400,
                                            "is_parallel": true,