{
    "name": "root",
    "gauges": {
        "Shopping.Policy.Entropy.mean": {
            "value": 0.4109775125980377,
            "min": 0.009661252610385418,
            "max": 1.9190657138824463,
            "count": 50
        },
        "Shopping.Policy.Entropy.sum": {
            "value": 4191.970703125,
            "min": 96.7142562866211,
            "max": 20303.71484375,
            "count": 50
        },
        "Shopping.Environment.EpisodeLength.mean": {
            "value": 4285.285714285715,
            "min": 29.98976109215017,
            "max": 4999.0,
            "count": 47
        },
        "Shopping.Environment.EpisodeLength.sum": {
            "value": 29997.0,
            "min": 786.0,
            "max": 32473.0,
            "count": 47
        },
        "Shopping.Step.mean": {
            "value": 499992.0,
            "min": 9976.0,
            "max": 499992.0,
            "count": 50
        },
        "Shopping.Step.sum": {
            "value": 499992.0,
            "min": 9976.0,
            "max": 499992.0,
            "count": 50
        },
        "Shopping.Policy.ExtrinsicValueEstimate.mean": {
            "value": -0.0018865815363824368,
            "min": -0.6705628037452698,
            "max": 0.04478178918361664,
            "count": 50
        },
        "Shopping.Policy.ExtrinsicValueEstimate.sum": {
            "value": -0.3075127899646759,
            "min": -251.46104431152344,
            "max": 7.324169158935547,
            "count": 50
        },
        "Shopping.Environment.CumulativeReward.mean": {
            "value": -0.14285714285714285,
            "min": -1.0,
            "max": 3.0,
            "count": 47
        },
        "Shopping.Environment.CumulativeReward.sum": {
            "value": -1.0,
            "min": -269.0,
            "max": 7.0,
            "count": 47
        },
        "Shopping.Policy.ExtrinsicReward.mean": {
            "value": -0.14285714285714285,
            "min": -1.0,
            "max": 3.0,
            "count": 47
        },
        "Shopping.Policy.ExtrinsicReward.sum": {
            "value": -1.0,
            "min": -269.0,
            "max": 7.0,
            "count": 47
        },
        "Shopping.Losses.PolicyLoss.mean": {
            "value": 0.24166132047140232,
            "min": 0.23849444167959932,
            "max": 0.2542940530282626,
            "count": 50
        },
        "Shopping.Losses.PolicyLoss.sum": {
            "value": 16.916292432998162,
            "min": 15.264307178767474,
            "max": 19.637215069216804,
            "count": 50
        },
        "Shopping.Losses.ValueLoss.mean": {
            "value": 0.0003899108752022375,
            "min": 7.727647694729578e-06,
            "max": 0.11436153802214125,
            "count": 50
        },
        "Shopping.Losses.ValueLoss.sum": {
            "value": 0.027293761264156623,
            "min": 0.0005409353386310704,
            "max": 8.462753813638452,
            "count": 50
        },
        "Shopping.Policy.LearningRate.mean": {
            "value": 3.031470418114286e-06,
            "min": 3.031470418114286e-06,
            "max": 0.0002968028445439797,
            "count": 50
        },
        "Shopping.Policy.LearningRate.sum": {
            "value": 0.00021220292926800002,
            "min": 0.00021220292926800002,
            "max": 0.021531420822859797,
            "count": 50
        },
        "Shopping.Policy.Epsilon.mean": {
            "value": 0.10101045714285714,
            "min": 0.10101045714285714,
            "max": 0.19893428115942033,
            "count": 50
        },
        "Shopping.Policy.Epsilon.sum": {
            "value": 7.070732,
            "min": 7.070732,
            "max": 14.577140199999999,
            "count": 50
        },
        "Shopping.Policy.Beta.mean": {
            "value": 1.4951240000000003e-05,
            "min": 1.4951240000000003e-05,
            "max": 0.0004947779776811594,
            "count": 50
        },
        "Shopping.Policy.Beta.sum": {
            "value": 0.0010465868000000002,
            "min": 0.0010465868000000002,
            "max": 0.03590798698,
            "count": 50
        },
        "Shopping.IsTraining.mean": {
            "value": 1.0,
            "min": 1.0,
            "max": 1.0,
            "count": 50
        },
        "Shopping.IsTraining.sum": {
            "value": 1.0,
            "min": 1.0,
            "max": 1.0,
            "count": 50
        }
    },
    "metadata": {
        "timer_format_version": "0.1.0",
        "start_time_seconds": "1629764889",
        "python_version": "3.7.9 (tags/v3.7.9:13c94747c7, Aug 17 2020, 18:58:18) [MSC v.1900 64 bit (AMD64)]",
        "command_line_arguments": "C:\\Users\\stryk\\Desktop\\iSTAR\\ML-Agents\\venv\\Scripts\\mlagents-learn config\\shopper.yaml --run-id=SingleObstacleShopper11",
        "mlagents_version": "0.27.0",
        "mlagents_envs_version": "0.27.0",
        "communication_protocol_version": "1.5.0",
        "pytorch_version": "1.7.0+cu110",
        "numpy_version": "1.21.1",
        "end_time_seconds": "1629766026"
    },
    "total": 1136.7920871,
    "count": 1,
    "self": 0.007066599999916434,
    "children": {
        "run_training.setup": {
            "total": 0.07121129999999998,
            "count": 1,
            "self": 0.07121129999999998
        },
        "TrainerController.start_learning": {
            "total": 1136.7138092,
            "count": 1,
            "self": 0.4707100000025548,
            "children": {
                "TrainerController._reset_env": {
                    "total": 6.6764608999999995,
                    "count": 1,
                    "self": 6.6764608999999995
                },
                "TrainerController.advance": {
                    "total": 1129.5233399999977,
                    "count": 25772,
                    "self": 0.46583780001583364,
                    "children": {
                        "env_step": {
                            "total": 263.88096359998843,
                            "count": 25772,
                            "self": 216.24540220000935,
                            "children": {
                                "SubprocessEnvManager._take_step": {
                                    "total": 47.35970819998828,
                                    "count": 25772,
                                    "self": 1.2753737999897439,
                                    "children": {
                                        "TorchPolicy.evaluate": {
                                            "total": 46.08433439999854,
                                            "count": 25032,
                                            "self": 19.727096599992883,
                                            "children": {
                                                "TorchPolicy.sample_actions": {
                                                    "total": 26.357237800005656,
                                                    "count": 25032,
                                                    "self": 26.357237800005656
                                                }
                                            }
                                        }
                                    }
                                },
                                "workers": {
                                    "total": 0.2758531999908085,
                                    "count": 25772,
                                    "self": 0.0,
                                    "children": {
                                        "worker_root": {
                                            "total": 1130.4658624999854,
                                            "count": 25772,
                                            "is_parallel": true,
                                            "self": 945.564499999979,