{
    "name": "root",
    "gauges": {
        "Shopping.Policy.Entropy.mean": {
            "value": 0.6792045831680298,
            "min": 0.6792045831680298,
            "max": 1.8828986883163452,
            "count": 3
        },
        "Shopping.Policy.Entropy.sum": {
            "value": 6805.6298828125,
            "min": 6805.6298828125,
            "max": 19544.48828125,
            "count": 3
        },
        "Shopping.Environment.EpisodeLength.mean": {
            "value": 69.46902654867256,
            "min": 18.15953307392996,
            "max": 69.46902654867256,
            "count": 3
        },
        "Shopping.Environment.EpisodeLength.sum": {
            "value": 7850.0,
            "min": 7850.0,
            "max": 9334.0,
            "count": 3
        },
        "Shopping.Step.mean": {
            "value": 29984.0,
            "min": 9997.0,
            "max": 29984.0,
            "count": 3
        },
        "Shopping.Step.sum": {
            "value": 29984.0,
            "min": 9997.0,
            "max": 29984.0,
            "count": 3
        },
        "Shopping.Policy.ExtrinsicValueEstimate.mean": {
            "value": -0.6010446548461914,
            "min": -0.8281568288803101,
            "max": -0.6010446548461914,
            "count": 3
        },
        "Shopping.Policy.ExtrinsicValueEstimate.sum": {
            "value": -138.84130859375,
            "min": -455.48626708984375,
            "max": -138.84130859375,
            "count": 3
        },
        "Shopping.Environment.CumulativeReward.mean": {
            "value": -0.9646017699115044,
            "min": -0.9766081871345029,
            "max": -0.9573333333333334,
            "count": 3
        },
        "Shopping.Environment.CumulativeReward.sum": {
            "value": -109.0,
            "min": -501.0,
            "max": -109.0,
            "count": 3
        },
        "Shopping.Policy.ExtrinsicReward.mean": {
            "value": -0.9646017699115044,
            "min": -0.9766081871345029,
            "max": -0.9573333333333334,
            "count": 3
        },
        "Shopping.Policy.ExtrinsicReward.sum": {
            "value": -109.0,
            "min": -501.0,
            "max": -109.0,
            "count": 3
        },
        "Shopping.Losses.PolicyLoss.mean": {
            "value": 0.24077962100879893,
            "min": 0.24077962100879893,
            "max": 0.2478663051445799,
            "count": 3
        },
        "Shopping.Losses.PolicyLoss.sum": {
            "value": 17.81769195465112,
            "min": 17.81769195465112,
            "max": 20.106967798172924,
            "count": 3
        },
        "Shopping.Losses.ValueLoss.mean": {
            "value": 0.020287483634741223,
            "min": 0.020287483634741223,
            "max": 0.030904201446020785,
            "count": 3
        },
        "Shopping.Losses.ValueLoss.sum": {
            "value": 1.5012737889708505,
            "min": 1.5012737889708505,
            "max": 2.410527712789621,
            "count": 3
        },
        "Shopping.Policy.LearningRate.mean": {
            "value": 0.00028499043743562163,
            "min": 0.00028499043743562163,
            "max": 0.00029699118392976826,
            "count": 3
        },
        "Shopping.Policy.LearningRate.sum": {
            "value": 0.021089292370236,
            "min": 0.021089292370236,
            "max": 0.024353277082240995,
            "count": 3
        },
        "Shopping.Policy.Epsilon.mean": {
            "value": 0.1949968108108108,
            "min": 0.1949968108108108,
            "max": 0.1989970609756098,
            "count": 3
        },
        "Shopping.Policy.Epsilon.sum": {
            "value": 14.429763999999999,
            "min": 14.429763999999999,
            "max": 16.317759000000002,
            "count": 3
        },
        "Shopping.Policy.Beta.mean": {
            "value": 0.000475484372972973,
            "min": 0.000475484372972973,
            "max": 0.0004950855987804878,
            "count": 3
        },
        "Shopping.Policy.Beta.sum": {
            "value": 0.0351858436,
            "min": 0.0351858436,
            "max": 0.0405970191,
            "count": 3
        },
        "Shopping.IsTraining.mean": {
            "value": 1.0,
            "min": 1.0,
            "max": 1.0,
            "count": 3
        },
        "Shopping.IsTraining.sum": {
            "value": 1.0,
            "min": 1.0,
            "max": 1.0,
            "count": 3
        }
    },
    "metadata": {
        "timer_format_version": "0.1.0",
        "start_time_seconds": "1629754318",
        "python_version": "3.7.9 (tags/v3.7.9:13c94747c7, Aug 17 2020, 18:58:18) [MSC v.1900 64 bit (AMD64)]",
        "command_line_arguments": "C:\\Users\\stryk\\Desktop\\iSTAR\\ML-Agents\\venv\\Scripts\\mlagents-learn config\\shopper.yaml --run-id=SingleObstacleShopper3",
        "mlagents_version": "0.27.0",
        "mlagents_envs_version": "0.27.0",
        "communication_protocol_version": "1.5.0",
        "pytorch_version": "1.7.0+cu110",
        "numpy_version": "1.21.1",
        "end_time_seconds": "1629754418"
    },
    "total": 100.399429,
    "count": 1,
    "self": 0.0048965000000009695,
    "children": {
        "run_training.setup": {
            "total": 0.09703859999999997,
            "count": 1,
            "self": 0.09703859999999997
        },
        "TrainerController.start_learning": {
            "total": 100.29749389999999,
            "count": 1,
            "self": 0.051805000000186396,
            "children": {
                "TrainerController._reset_env": {
                    "total": 5.6733956,
                    "count": 1,
                    "self": 5.6733956
                },
                "TrainerController.advance": {
                    "total": 94.4963652999998,
                    "count": 2748,
                    "self": 0.05107729999951971,
                    "children": {
                        "env_step": {
                            "total": 22.980688800000067,
                            "count": 2748,
                            "self": 18.913544800000537,
                            "children": {
                                "SubprocessEnvManager._take_step": {
                                    "total": 4.037283899999908,
                                    "count": 2748,
                                    "self": 0.1068048000000017,
                                    "children": {
                                        "TorchPolicy.evaluate": {
                                            "total": 3.930479099999906,
                                            "count": 2014,
                                            "self": 1.5996667000001175,
                                            "children": {
                                                "TorchPolicy.sample_actions": {
                                                    "total": 2.3308123999997887,
                                                    "count": 2014,
                                                    "self": 2.3308123999997887
                                                }
                                            }
                                        }
                                    }
                                },
                                "workers": {
                                    "total": 0.029860099999623912,
                                    "count": 2747,
                                    "self": 0.0,
                                    "children": {
                                        "worker_root": {
                                            "total": 95.53096270000034,
                                            "count": 2747,
                                            "is_parallel": true,
                                            "self": 79.59494550000043,